"Id","Sex","Forearm","Weight","Age","Date","Prev","Para","Size"
"fb_1","f",64.02,38.58,1,2015-01-11,"0",0,"Medium"
"fb_2","f",65.12,39.59,1.478,2015-01-12,"1",38,"Medium"
"fb_3","f",65.41,40.42,1.57,2015-01-13,"0",0,"Medium"
"fb_4","f",66.08,42.23,1.578,2015-01-14,"0",0,"Medium"
"fb_5","f",66.09,42.63,1.598,2015-01-15,"0",0,"Medium"
"fb_6","f",66.32,43.67,1.61,2015-01-16,"0",0,"Medium"
"fb_7","f",66.72,44.09,1.616,2015-01-17,"0",0,"Medium"
"fb_8","f",66.88,44.16,1.674,2015-01-18,"0",0,"Medium"
"fb_9","f",66.95,44.66,1.712,2015-01-19,"0",0,"Medium"
"fb_10","f",67.16,45.06,1.734,2015-01-20,"0",0,"Medium"
"fb_11","f",67.23,45.58,1.734,2015-01-11,"0",0,"Medium"
"fb_12","f",67.33,45.81,1.736,2015-01-12,"0",0,"Medium"
"fb_13","f",67.4,46.06,1.746,2015-01-13,"0",0,"Medium"
"fb_14","f",67.43,46.25,1.748,2015-01-14,"0",0,"Medium"
"fb_15","f",67.66,46.32,1.77,2015-01-15,"0",0,"Medium"
"fb_16","f",67.9,46.51,1.776,2015-01-16,"1",21,"Medium"
"fb_17","f",67.93,46.53,1.796,2015-01-17,"0",0,"Medium"
"fb_18","f",67.98,46.6,1.818,2015-01-18,"0",0,"Medium"
"fb_19","f",68.63,46.61,1.844,2015-01-19,"0",0,"Medium"
"fb_20","f",68.76,NA,1.858,2015-01-20,"0",0,"Medium"
"fb_21","f",68.83,47.27,1.87,2015-01-11,"0",0,"Medium"
"fb_22","f",68.88,48.22,1.88,2015-01-12,"0",0,"Medium"
"fb_23","f",69.06,48.32,1.886,2015-01-13,"0",0,"Medium"
"fb_24","f",69.29,48.53,1.888,2015-01-14,"0",0,"Medium"
"fb_25","f",69.33,48.56,1.9,2015-01-15,"0",0,"Medium"
"fb_26","f",69.37,48.7,1.91,2015-01-16,"0",0,"Medium"
"fb_27","f",69.39,48.73,1.918,2015-01-17,"1",7,"Medium"
"fb_28","f",69.55,48.82,1.918,2015-01-18,"0",0,"Medium"
"fb_29","f",69.57,48.83,1.928,2015-01-19,"1",7,"Medium"
"fb_30","f",69.58,48.84,1.934,2015-01-20,"0",0,"Medium"
"fb_31","f",69.59,49.46,1.94,2015-01-11,"0",0,"Medium"
"fb_32","f",69.62,50.05,1.944,2015-01-12,"0",0,"Medium"
"fb_33","f",69.7,50.06,1.964,2015-01-13,"0",0,"Medium"
"fb_34","f",70.21,50.34,1.98,2015-01-14,"0",0,"Medium"
"fb_35","f",70.47,50.36,1.984,2015-01-15,"0",0,"Medium"
"fb_36","f",70.51,50.57,2,2015-01-16,"0",0,"Medium"
"fb_37","f",70.75,50.73,1.99,2015-01-17,"0",0,"Medium"
"fb_38","f",71.21,50.79,2.198,2015-01-18,"0",0,"Medium"
"fb_39","f",72.08,50.87,2.218,2015-01-19,"0",0,"Medium"
"fb_40","f",72.16,52.55,2.24,2015-01-20,"0",0,"Medium"
"fb_41","m",69.68,57.81,1.466,2015-01-11,"0",0,"Medium"
"fb_42","m",70.46,57.83,1.468,2015-01-12,"1",41,"Medium"
"fb_43","m",70.57,58,1.48,2015-01-13,"0",0,"Medium"
"fb_44","m",70.71,58.35,1.498,2015-01-14,"0",0,"Medium"
"fb_45","m",70.73,58.72,1.55,2015-01-15,"0",0,"Medium"
"fb_46","m",70.93,58.75,1.564,2015-01-16,"0",0,"Medium"
"fb_47","m",70.96,NA,1.616,2015-01-17,"0",0,"Medium"
"fb_48","m",71.12,59.28,1.686,2015-01-18,"0",0,"Medium"
"fb_49","m",71.19,60.1,1.686,2015-01-19,"0",0,"Medium"
"fb_50","m",71.22,60.49,1.718,2015-01-20,"1",19,"Medium"
"fb_51","m",71.24,60.72,1.722,2015-01-11,"0",0,"Medium"
"fb_52","m",71.36,61.02,1.748,2015-01-12,"0",0,"Medium"
"fb_53","m",71.45,61.17,1.828,2015-01-13,"0",0,"Medium"
"fb_54","m",71.51,61.29,1.85,2015-01-14,"0",0,"Medium"
"fb_55","m",71.6,61.62,1.88,2015-01-15,"0",0,"Medium"
"fb_56","m",71.72,62.24,1.89,2015-01-16,"0",0,"Medium"
"fb_57","m",71.81,62.4,1.916,2015-01-17,"0",0,"Medium"
"fb_58","m",71.83,62.88,1.92,2015-01-18,"0",0,"Medium"
"fb_59","m",71.93,63.41,1.92,2015-01-19,"0",0,"Medium"
"fb_60","m",71.93,63.52,1.952,2015-01-20,"0",0,"Medium"
"fb_61","m",72.37,63.61,1.98,2015-01-11,"1",9,"Medium"
"fb_62","m",72.37,63.73,2.044,2015-01-12,"0",0,"Medium"
"fb_63","m",72.37,64.07,2.084,2015-01-13,"0",0,"Medium"
"fb_64","m",72.6,64.73,2.102,2015-01-14,"0",0,"Medium"
"fb_65","m",72.68,66.05,2.188,2015-01-15,"0",0,"Medium"
"fb_66","f",41.04,17.87,0.134,2015-01-16,"0",0,"Small"
"fb_67","f",42.03,18.06,0.174,2015-01-17,"0",0,"Small"
"fb_68","f",43.28,18.33,0.176,2015-01-18,"0",0,"Small"
"fb_69","f",43.42,18.58,1.8,2015-01-19,"0",0,"Small"
"fb_70","f",43.62,19.31,0.188,2015-01-20,"0",0,"Small"
"fb_71","f",43.69,19.45,0.19,2015-01-11,"0",0,"Small"
"fb_72","f",43.81,19.52,0.192,2015-01-12,"0",0,"Small"
"fb_73","f",43.96,19.53,0.196,2015-01-13,"0",0,"Small"
"fb_74","f",44.11,19.55,0.202,2015-01-14,"0",0,"Small"
"fb_75","f",44.27,NA,0.212,2015-01-15,"0",0,"Small"
"fb_76","f",44.55,19.58,0.216,2015-01-16,"0",0,"Small"
"fb_77","f",44.67,19.7,0.23,2015-01-17,"0",0,"Small"
"fb_78","f",44.78,19.87,0.254,2015-01-18,"1",3,"Small"
"fb_79","f",45.01,19.9,0.256,2015-01-19,"0",0,"Small"
"fb_80","f",45.07,20.03,0.26,2015-01-20,"0",0,"Small"
"fb_81","f",45.18,20.06,0.264,2015-01-11,"0",0,"Small"
"fb_82","f",45.39,20.37,0.268,2015-01-12,"0",0,"Small"
"fb_83","f",45.95,20.53,0.278,2015-01-13,"0",0,"Small"
"fb_84","f",46,20.56,0.286,2015-01-14,"0",0,"Small"
"fb_85","f",46.72,21.5,0.286,2015-01-15,"0",0,"Small"
"fb_86","m",41.33,14.2,0.124,2015-01-16,"0",0,"Small"
"fb_87","m",42.78,17.69,0.17,2015-01-17,"0",0,"Small"
"fb_88","m",43.03,18.09,0.174,2015-01-18,"0",0,"Small"
"fb_89","m",43.04,18.36,0.176,2015-01-19,"0",0,"Small"
"fb_90","m",43.09,18.74,0.186,2015-01-20,"0",0,"Small"
"fb_91","m",43.21,18.75,0.194,2015-01-11,"0",0,"Small"
"fb_92","m",43.24,18.83,0.196,2015-01-12,"0",0,"Small"
"fb_93","m",43.7,19.34,0.2,2015-01-13,"0",0,"Small"
"fb_94","m",44.81,19.89,0.208,2015-01-14,"0",0,"Small"
"fb_95","m",44.92,19.94,0.212,2015-01-15,"0",0,"Small"
"fb_96","m",45.09,20.34,0.212,2015-01-16,"0",0,"Small"
"fb_97","m",45.33,20.92,0.23,2015-01-17,"0",0,"Small"
"fb_98","m",45.54,21.12,0.244,2015-01-18,"0",0,"Small"
"fb_99","m",45.58,21.65,0.252,2015-01-19,"0",0,"Small"
"fb_100","m",46.18,22.18,0.264,2015-01-20,"0",0,"Small"
"fb_101","f",67.65,42.74,1.6,2015-02-10,"1",23,"Medium"
"fb_102","f",68.75,43.75,1.678,2015-02-11,"0",0,"Medium"
"fb_103","f",69.04,44.58,1.77,2015-02-12,"0",0,"Medium"
"fb_104","f",69.71,46.39,1.778,2015-02-13,"0",0,"Medium"
"fb_105","f",69.72,46.79,1.798,2015-02-14,"0",0,"Medium"
"fb_106","f",69.95,47.83,1.81,2015-02-15,"1",8,"Medium"
"fb_107","f",70.35,48.25,1.816,2015-02-16,"0",0,"Medium"
"fb_108","f",70.51,48.32,1.874,2015-02-17,"0",0,"Medium"
"fb_109","f",70.58,48.82,1.912,2015-02-18,"0",0,"Medium"
"fb_110","f",70.79,49.22,1.934,2015-02-19,"0",0,"Medium"
"fb_111","f",70.86,49.74,1.934,2015-02-10,"0",0,"Medium"
"fb_112","f",70.96,49.97,1.936,2015-02-11,"0",0,"Medium"
"fb_113","f",71.03,50.22,1.946,2015-02-12,"0",0,"Medium"
"fb_114","f",71.06,50.41,1.948,2015-02-13,"0",0,"Medium"
"fb_115","f",71.29,50.48,1.97,2015-02-14,"0",0,"Medium"
"fb_116","f",71.53,50.67,1.976,2015-02-15,"0",0,"Medium"
"fb_117","f",71.56,50.69,1.996,2015-02-16,"0",0,"Medium"
"fb_118","f",69.51,48.83,2.018,2015-02-17,"0",0,"Medium"
"fb_119","f",70.16,48.84,2.044,2015-02-18,"0",0,"Medium"
"fb_120","f",70.29,49.05,2.058,2015-02-19,"1",12,"Medium"
"fb_121","f",70.36,49.5,2.07,2015-02-10,"0",0,"Medium"
"fb_122","f",70.41,50.45,2.08,2015-02-11,"0",0,"Medium"
"fb_123","f",70.59,50.55,2.086,2015-02-12,"0",0,"Medium"
"fb_124","f",70.82,50.76,2.088,2015-02-13,"0",0,"Medium"
"fb_125","f",70.86,50.79,2.1,2015-02-14,"1",13,"Medium"
"fb_126","f",70.9,50.93,2.11,2015-02-15,"1",13,"Medium"
"fb_127","f",70.92,50.96,2.118,2015-02-16,"0",0,"Medium"
"fb_128","f",71.08,51.05,2.118,2015-02-17,"0",0,"Medium"
"fb_129","f",71.1,51.06,2.128,2015-02-18,"0",0,"Medium"
"fb_130","f",71.11,51.07,2.134,2015-02-19,"0",0,"Medium"
"fb_131","f",71.12,51.69,2.14,2015-02-10,"0",0,"Medium"
"fb_132","f",71.15,52.28,2.144,2015-02-11,"0",0,"Medium"
"fb_133","f",71.23,52.29,2.164,2015-02-12,"0",0,"Medium"
"fb_134","f",71.74,52.57,2.18,2015-02-13,"1",11,"Medium"
"fb_135","f",72,52.59,2.184,2015-02-14,"0",0,"Medium"
"fb_136","f",72.04,52.8,2.188,2015-02-15,"0",0,"Medium"
"fb_137","f",72.28,52.96,2.19,2015-02-16,"0",0,"Medium"
"fb_138","f",72.54,52.82,2.398,2015-02-17,"0",0,"Medium"
"fb_139","f",73.21,52.7,2.418,2015-02-18,"0",0,"Medium"
"fb_140","f",73.29,54.38,2.44,2015-02-19,"0",0,"Medium"
"fb_141","m",73.38,62.31,1.666,2015-02-10,"0",0,"Medium"
"fb_142","m",74.16,62.33,1.668,2015-02-11,"0",0,"Medium"
"fb_143","m",74.27,62.5,1.68,2015-02-12,"0",0,"Medium"
"fb_144","m",74.41,62.85,1.698,2015-02-13,"0",0,"Medium"
"fb_145","m",74.43,63.22,1.75,2015-02-14,"0",0,"Medium"
"fb_146","m",74.63,63.25,1.764,2015-02-15,"0",0,"Medium"
"fb_147","m",74.66,63.63,1.816,2015-02-16,"1",4,"Medium"
"fb_148","m",74.82,63.78,1.886,2015-02-17,"0",0,"Medium"
"fb_149","m",74.89,64.6,1.886,2015-02-18,"0",0,"Medium"
"fb_150","m",74.92,64.99,1.918,2015-02-19,"0",0,"Medium"
"fb_151","m",74.94,65.22,1.922,2015-02-10,"0",0,"Medium"
"fb_152","m",75.06,65.52,1.948,2015-02-11,"0",0,"Large"
"fb_153","m",75.15,65.67,2.028,2015-02-12,"0",0,"Large"
"fb_154","m",75.21,65.79,2.05,2015-02-13,"0",0,"Large"
"fb_155","m",75.3,66.12,2.08,2015-02-14,"0",0,"Large"
"fb_156","m",75.42,66.74,2.09,2015-02-15,"0",0,"Large"
"fb_157","m",75.51,66.9,2.116,2015-02-16,"1",7,"Large"
"fb_158","m",75.53,67.38,2.12,2015-02-17,"0",0,"Large"
"fb_159","m",75.63,67.91,2.12,2015-02-18,"0",0,"Large"
"fb_160","m",75.63,68.02,2.152,2015-02-19,"0",0,"Large"
"fb_161","m",76.07,68.11,2.18,2015-02-10,"0",0,"Large"
"fb_162","m",75.87,67.73,2.244,2015-02-11,"0",0,"Large"
"fb_163","m",75.87,68.07,2.284,2015-02-12,"0",0,"Large"
"fb_164","m",76.1,68.73,2.302,2015-02-13,"0",0,"Large"
"fb_165","m",76.18,70.05,2.388,2015-02-14,"0",0,"Large"
"fb_166","f",44.67,22.03,0.334,2015-02-15,"0",0,"Small"
"fb_167","f",45.66,22.22,0.374,2015-02-16,"0",0,"Small"
"fb_168","f",46.91,22.49,0.376,2015-02-17,"0",0,"Small"
"fb_169","f",47.05,22.74,0.38,2015-02-18,"0",0,"Small"
"fb_170","f",47.25,23.47,0.388,2015-02-19,"0",0,"Small"
"fb_171","f",47.32,23.61,0.39,2015-02-10,"0",0,"Small"
"fb_172","f",47.44,23.68,0.392,2015-02-11,"0",0,"Small"
"fb_173","f",47.59,23.69,0.396,2015-02-12,"0",0,"Small"
"fb_174","f",47.74,23.71,0.402,2015-02-13,"0",0,"Small"
"fb_175","f",47.9,23.73,0.412,2015-02-14,"0",0,"Small"
"fb_176","f",48.18,23.74,0.416,2015-02-15,"0",0,"Small"
"fb_177","f",48.3,23.86,0.43,2015-02-16,"0",0,"Small"
"fb_178","f",48.41,24.03,0.454,2015-02-17,"0",0,"Small"
"fb_179","f",48.64,24.06,0.456,2015-02-18,"0",0,"Small"
"fb_180","f",48.7,24.19,0.46,2015-02-19,"0",0,"Small"
"fb_181","f",48.81,24.22,0.464,2015-02-10,"0",0,"Small"
"fb_182","f",49.02,24.53,0.468,2015-02-11,"0",0,"Small"
"fb_183","f",49.58,24.69,0.478,2015-02-12,"0",0,"Small"
"fb_184","f",49.63,24.72,0.486,2015-02-13,"0",0,"Small"
"fb_185","f",50.35,25.66,0.486,2015-02-14,"0",0,"Small"
"fb_186","m",45.03,18.7,0.324,2015-02-15,"0",0,"Small"
"fb_187","m",46.48,22.19,0.37,2015-02-16,"0",0,"Small"
"fb_188","m",46.73,22.59,0.374,2015-02-17,"0",0,"Small"
"fb_189","m",46.74,22.86,0.376,2015-02-18,"0",0,"Small"
"fb_190","m",46.79,23.24,0.386,2015-02-19,"0",0,"Small"
"fb_191","m",46.91,23.25,0.394,2015-02-10,"0",0,"Small"
"fb_192","m",46.94,23.33,0.396,2015-02-11,"0",0,"Small"
"fb_193","m",47.4,23.84,0.4,2015-02-12,"0",0,"Small"
"fb_194","m",48.51,24.39,0.408,2015-02-13,"0",0,"Small"
"fb_195","m",48.62,24.44,0.412,2015-02-14,"0",0,"Small"
"fb_196","m",48.79,24.84,0.412,2015-02-15,"0",0,"Small"
"fb_197","m",49.03,25.42,0.43,2015-02-16,"0",0,"Small"
"fb_198","m",49.24,25.62,0.444,2015-02-17,"0",0,"Small"
"fb_199","m",49.28,26.15,0.452,2015-02-18,"0",0,"Small"
"fb_200","m",49.88,26.68,0.464,2015-02-19,"0",0,"Small"
"fb_201","f",48.3,26.19,0.534,2015-03-12,"1",92,"Small"
"fb_202","f",49.29,26.38,0.574,2015-03-13,"1",0,"Small"
"fb_203","f",50.54,26.65,0.576,2015-03-14,"1",71,"Small"
"fb_204","f",50.68,26.9,0.58,2015-03-15,"1",94,"Small"
"fb_205","f",50.88,27.63,0.588,2015-03-16,"1",93,"Small"
"fb_206","f",50.95,27.77,0.59,2015-03-17,"1",79,"Small"
"fb_207","f",51.07,27.84,0.592,2015-03-18,"1",104,"Small"
"fb_208","f",51.22,27.85,0.596,2015-03-19,"1",0,"Small"
"fb_209","f",51.37,27.87,0.602,2015-03-20,"1",0,"Small"
"fb_210","f",51.53,27.89,0.612,2015-03-21,"1",0,"Small"
"fb_211","f",51.81,27.9,0.616,2015-03-12,"1",0,"Small"
"fb_212","f",51.93,28.02,0.63,2015-03-13,"1",98,"Small"
"fb_213","f",52.04,28.19,0.654,2015-03-14,"1",0,"Small"
"fb_214","f",52.27,28.22,0.656,2015-03-15,"1",95,"Small"
"fb_215","f",52.33,28.35,0.66,2015-03-16,"1",0,"Small"
"fb_216","f",52.44,28.38,0.664,2015-03-17,"1",0,"Small"
"fb_217","f",52.65,28.69,0.668,2015-03-18,"1",0,"Small"
"fb_218","f",53.21,28.85,0.678,2015-03-19,"1",0,"Small"
"fb_219","f",53.26,28.88,0.686,2015-03-20,"1",92,"Small"
"fb_220","f",53.98,29.82,0.686,2015-03-21,"1",0,"Small"
"fb_221","f",70.84,46.9,1.8,2015-03-12,"0",0,"Medium"
"fb_222","f",71.28,47.91,1.878,2015-03-13,"0",0,"Medium"
"fb_223","f",71.48,48.74,1.97,2015-03-14,"0",0,"Medium"
"fb_224","f",71.49,50.06,1.978,2015-03-15,"0",0,"Medium"
"fb_225","f",71.62,50.48,1.998,2015-03-16,"0",0,"Medium"
"fb_226","f",71.69,50.55,2.01,2015-03-17,"0",0,"Medium"
"fb_227","f",71.74,50.55,2.016,2015-03-18,"1",9,"Medium"
"fb_228","f",71.88,50.86,2.074,2015-03-19,"0",0,"Medium"
"fb_229","f",71.92,50.87,2.112,2015-03-20,"0",0,"Medium"
"fb_230","f",72.04,50.95,2.134,2015-03-21,"0",0,"Medium"
"fb_231","f",72.11,51.05,2.134,2015-03-12,"0",0,"Medium"
"fb_232","f",72.15,51.08,2.136,2015-03-13,"0",0,"Medium"
"fb_233","f",72.19,51.45,2.146,2015-03-14,"0",0,"Medium"
"fb_234","f",72.23,51.53,2.148,2015-03-15,"0",0,"Medium"
"fb_235","f",72.25,51.97,2.17,2015-03-16,"0",0,"Medium"
"fb_236","f",72.32,52.2,2.176,2015-03-17,"0",0,"Medium"
"fb_237","f",72.38,52.45,2.196,2015-03-18,"0",0,"Medium"
"fb_238","f",72.39,52.48,2.218,2015-03-19,"0",0,"Medium"
"fb_239","f",72.41,52.58,2.244,2015-03-20,"0",0,"Medium"
"fb_240","f",72.43,52.64,2.258,2015-03-21,"0",0,"Medium"
"fb_241","f",72.44,52.71,2.27,2015-03-12,"0",0,"Medium"
"fb_242","f",72.45,52.79,2.28,2015-03-13,"0",0,"Medium"
"fb_243","f",72.48,52.82,2.286,2015-03-14,"0",0,"Medium"
"fb_244","f",72.49,52.9,2.288,2015-03-15,"0",0,"Medium"
"fb_245","f",72.56,52.92,2.3,2015-03-16,"0",0,"Medium"
"fb_246","f",72.56,52.96,2.31,2015-03-17,"1",17,"Medium"
"fb_247","f",72.59,52.99,2.318,2015-03-18,"1",11,"Medium"
"fb_248","f",72.67,53.08,2.318,2015-03-19,"0",0,"Medium"
"fb_249","f",72.82,53.09,2.328,2015-03-20,"0",0,"Medium"
"fb_250","f",73.06,53.1,2.334,2015-03-21,"0",0,"Medium"
"fb_251","f",73.07,53.72,2.34,2015-03-12,"0",0,"Medium"
"fb_252","f",73.09,54.31,2.344,2015-03-13,"0",0,"Medium"
"fb_253","f",73.33,54.32,2.364,2015-03-14,"0",0,"Medium"
"fb_254","f",73.34,54.33,2.38,2015-03-15,"0",0,"Medium"
"fb_255","f",73.35,54.6,2.384,2015-03-16,"0",0,"Medium"
"fb_256","f",73.37,54.62,2.388,2015-03-17,"1",5,"Medium"
"fb_257","f",73.61,54.65,2.39,2015-03-18,"0",0,"Medium"
"fb_258","f",73.67,54.83,2.598,2015-03-19,"0",0,"Medium"
"fb_259","f",74.14,54.99,2.618,2015-03-20,"0",0,"Medium"
"fb_260","f",74.22,56.01,2.64,2015-03-21,"0",0,"Medium"
"fb_261","m",77.08,66.81,1.866,2015-03-12,"0",0,"Large"
"fb_262","m",77.86,66.83,1.868,2015-03-13,"0",0,"Large"
"fb_263","m",77.97,67,1.88,2015-03-14,"0",0,"Large"
"fb_264","m",78.11,67.35,1.898,2015-03-15,"0",0,"Large"
"fb_265","m",78.13,67.72,1.95,2015-03-16,"0",0,"Large"
"fb_266","m",78.33,67.75,1.964,2015-03-17,"0",0,"Large"
"fb_267","m",78.36,68.13,2.016,2015-03-18,"0",0,"Large"
"fb_268","m",78.52,68.28,2.086,2015-03-19,"1",14,"Large"
"fb_269","m",78.59,69.1,2.086,2015-03-20,"0",0,"Large"
"fb_270","m",78.62,69.49,2.118,2015-03-21,"0",0,"Large"
"fb_271","m",78.64,69.72,2.122,2015-03-12,"0",0,"Large"
"fb_272","m",78.76,70.02,2.148,2015-03-13,"0",0,"Large"
"fb_273","m",78.65,69.67,2.228,2015-03-14,"0",0,"Large"
"fb_274","m",78.71,69.79,2.25,2015-03-15,"0",0,"Large"
"fb_275","m",78.8,70.12,2.28,2015-03-16,"0",0,"Large"
"fb_276","m",78.92,70.74,2.29,2015-03-17,"1",14,"Large"
"fb_277","m",79.01,70.9,2.316,2015-03-18,"0",0,"Large"
"fb_278","m",79.03,71.38,2.32,2015-03-19,"0",0,"Large"
"fb_279","m",79.13,71.91,2.32,2015-03-20,"0",0,"Large"
"fb_280","m",79.13,72.02,2.352,2015-03-21,"0",0,"Large"
"fb_281","m",79.57,72.11,2.38,2015-03-12,"0",0,"Large"
"fb_282","m",79.17,71.53,2.444,2015-03-13,"0",0,"Large"
"fb_283","m",79.17,71.87,2.484,2015-03-14,"0",0,"Large"
"fb_284","m",79.4,72.53,2.502,2015-03-15,"0",0,"Large"
"fb_285","m",79.48,73.85,2.588,2015-03-16,"0",0,"Large"
"fb_286","m",48.73,23.2,0.524,2015-03-17,"1",82,"Small"
"fb_287","m",50.18,26.69,0.57,2015-03-18,"1",85,"Small"
"fb_288","m",50.43,27.09,0.574,2015-03-19,"1",0,"Small"
"fb_289","m",50.44,27.36,0.576,2015-03-20,"1",92,"Small"
"fb_290","m",50.49,27.74,0.586,2015-03-21,"1",0,"Small"
"fb_291","m",50.61,27.75,0.594,2015-03-12,"1",0,"Small"
"fb_292","m",50.64,27.83,0.596,2015-03-13,"1",87,"Small"
"fb_293","m",51.1,28.34,0.6,2015-03-14,"1",85,"Small"
"fb_294","m",52.21,28.89,0.608,2015-03-15,"1",97,"Small"
"fb_295","m",52.32,28.94,0.612,2015-03-16,"1",89,"Small"
"fb_296","m",52.49,29.34,0.612,2015-03-17,"1",89,"Small"
"fb_297","m",52.73,29.92,0.63,2015-03-18,"1",101,"Small"
"fb_298","m",52.94,30.12,0.644,2015-03-19,"0",0,"Small"
"fb_299","m",52.98,30.65,0.652,2015-03-20,"0",0,"Small"
"fb_300","m",53.58,31.18,0.664,2015-03-21,"0",0,"Small"
"fb_301","f",51.93,30.35,0.734,2015-04-11,"1",79,"Small"
"fb_302","f",52.92,30.54,0.774,2015-04-12,"1",95,"Small"
"fb_303","f",54.17,30.81,0.776,2015-04-13,"1",95,"Small"
"fb_304","f",54.31,31.06,0.78,2015-04-14,"1",0,"Small"
"fb_305","f",54.51,31.79,0.788,2015-04-15,"1",0,"Small"
"fb_306","f",54.58,31.93,0.79,2015-04-16,"1",0,"Small"
"fb_307","f",54.7,32,0.792,2015-04-17,"1",0,"Small"
"fb_308","f",54.85,32.01,0.796,2015-04-18,"1",0,"Small"
"fb_309","f",55,32.03,0.802,2015-04-19,"1",0,"Small"
"fb_310","f",55.16,32.05,0.812,2015-04-20,"1",0,"Small"
"fb_311","f",55.44,32.06,0.816,2015-04-11,"1",0,"Small"
"fb_312","f",55.56,32.18,0.83,2015-04-12,"1",97,"Small"
"fb_313","f",55.67,32.35,0.854,2015-04-13,"1",0,"Small"
"fb_314","f",55.9,32.38,0.856,2015-04-14,"1",92,"Small"
"fb_315","f",55.96,32.51,0.86,2015-04-15,"0",0,"Small"
"fb_316","f",56.07,32.54,0.864,2015-04-16,"1",82,"Small"
"fb_317","f",56.28,32.85,0.868,2015-04-17,"1",100,"Small"
"fb_318","f",56.84,33.01,0.878,2015-04-18,"0",0,"Small"
"fb_319","f",56.89,33.04,0.886,2015-04-19,"1",93,"Small"
"fb_320","f",57.61,33.98,0.886,2015-04-20,"0",0,"Small"
"fb_321","f",71.97,49.13,2,2015-04-11,"0",0,"Medium"
"fb_322","f",72.62,50.14,2.078,2015-04-12,"0",0,"Medium"
"fb_323","f",72.75,50.97,2.17,2015-04-13,"0",0,"Medium"
"fb_324","f",72.81,52.09,2.178,2015-04-14,"0",0,"Medium"
"fb_325","f",72.81,52.51,2.198,2015-04-15,"0",0,"Medium"
"fb_326","f",72.82,52.58,2.21,2015-04-16,"0",0,"Medium"
"fb_327","f",72.87,52.69,2.216,2015-04-17,"0",0,"Medium"
"fb_328","f",73.05,52.7,2.274,2015-04-18,"0",0,"Medium"
"fb_329","f",73.21,52.78,2.312,2015-04-19,"0",0,"Medium"
"fb_330","f",73.28,52.91,2.334,2015-04-20,"0",0,"Medium"
"fb_331","f",73.32,53.08,2.334,2015-04-11,"0",0,"Medium"
"fb_332","f",73.36,53.18,2.336,2015-04-12,"0",0,"Medium"
"fb_333","f",73.37,53.36,2.346,2015-04-13,"0",0,"Medium"
"fb_334","f",73.38,53.48,2.348,2015-04-14,"0",0,"Medium"
"fb_335","f",73.44,54,2.37,2015-04-15,"0",0,"Medium"
"fb_336","f",73.54,54.23,2.376,2015-04-16,"0",0,"Medium"
"fb_337","f",73.56,54.31,2.396,2015-04-17,"0",0,"Medium"
"fb_338","f",73.57,54.41,2.418,2015-04-18,"0",0,"Medium"
"fb_339","f",73.58,54.48,2.444,2015-04-19,"0",0,"Medium"
"fb_340","f",73.61,54.62,2.458,2015-04-20,"0",0,"Medium"
"fb_341","f",73.65,54.65,2.47,2015-04-11,"0",0,"Medium"
"fb_342","f",73.69,54.67,2.48,2015-04-12,"0",0,"Medium"
"fb_343","f",73.72,54.74,2.486,2015-04-13,"0",0,"Medium"
"fb_344","f",73.82,54.79,2.488,2015-04-14,"0",0,"Medium"
"fb_345","f",73.89,54.82,2.5,2015-04-15,"0",0,"Medium"
"fb_346","f",73.91,54.91,2.51,2015-04-16,"0",0,"Medium"
"fb_347","f",73.92,54.92,2.518,2015-04-17,"0",0,"Medium"
"fb_348","f",74.15,54.93,2.518,2015-04-18,"0",0,"Medium"
"fb_349","f",74.2,54.93,2.528,2015-04-19,"0",0,"Medium"
"fb_350","f",74.2,54.95,2.534,2015-04-20,"0",0,"Medium"
"fb_351","f",74.39,55.55,2.54,2015-04-11,"0",0,"Medium"
"fb_352","f",74.42,55.76,2.544,2015-04-12,"0",0,"Medium"
"fb_353","f",74.46,56.14,2.564,2015-04-13,"0",0,"Medium"
"fb_354","f",74.5,56.15,2.58,2015-04-14,"0",0,"Medium"
"fb_355","f",74.6,56.28,2.584,2015-04-15,"0",0,"Medium"
"fb_356","f",74.74,56.43,2.588,2015-04-16,"0",0,"Medium"
"fb_357","f",74.87,56.45,2.59,2015-04-17,"0",0,"Medium"
"fb_358","f",74.87,56.66,2.798,2015-04-18,"0",0,"Medium"
"fb_359","f",74.88,56.82,2.818,2015-04-19,"0",0,"Medium"
"fb_360","f",74.95,57.44,2.84,2015-04-20,"0",0,"Medium"
"fb_361","m",80.78,71.31,2.066,2015-04-11,"1",9,"Large"
"fb_362","m",81.56,71.33,2.068,2015-04-12,"0",0,"Large"
"fb_363","m",81.67,71.5,2.08,2015-04-13,"0",0,"Large"
"fb_364","m",81.81,71.85,2.098,2015-04-14,"0",0,"Large"
"fb_365","m",81.83,72.22,2.15,2015-04-15,"1",9,"Large"
"fb_366","m",82.03,72.25,2.164,2015-04-16,"0",0,"Large"
"fb_367","m",81.86,72.13,2.216,2015-04-17,"0",0,"Large"
"fb_368","m",82.02,72.28,2.286,2015-04-18,"0",0,"Large"
"fb_369","m",82.09,73.1,2.286,2015-04-19,"0",0,"Large"
"fb_370","m",82.12,73.49,2.318,2015-04-20,"0",0,"Large"
"fb_371","m",82.14,73.72,2.322,2015-04-11,"1",9,"Large"
"fb_372","m",82.26,74.02,2.348,2015-04-12,"0",0,"Large"
"fb_373","m",81.95,73.47,2.428,2015-04-13,"0",0,"Large"
"fb_374","m",82.01,73.59,2.45,2015-04-14,"0",0,"Large"
"fb_375","m",82.1,73.92,2.48,2015-04-15,"0",0,"Large"
"fb_376","m",82.22,74.54,2.49,2015-04-16,"0",0,"Large"
"fb_377","m",82.31,74.7,2.516,2015-04-17,"0",0,"Large"
"fb_378","m",82.33,75.18,2.52,2015-04-18,"0",0,"Large"
"fb_379","m",82.43,75.71,2.52,2015-04-19,"0",0,"Large"
"fb_380","m",82.43,75.82,2.552,2015-04-20,"0",0,"Large"
"fb_381","m",82.87,75.91,2.58,2015-04-11,"0",0,"Large"
"fb_382","m",82.27,75.13,2.644,2015-04-12,"0",0,"Large"
"fb_383","m",82.27,75.47,2.684,2015-04-13,"0",0,"Large"
"fb_384","m",82.5,76.13,2.702,2015-04-14,"0",0,"Large"
"fb_385","m",82.58,77.45,2.788,2015-04-15,"0",0,"Large"
"fb_386","m",52.43,27.7,0.724,2015-04-16,"0",0,"Small"
"fb_387","m",53.88,31.19,0.77,2015-04-17,"1",90,"Small"
"fb_388","m",54.13,31.59,0.774,2015-04-18,"0",0,"Small"
"fb_389","m",54.14,31.86,0.776,2015-04-19,"0",0,"Small"
"fb_390","m",54.19,32.24,0.786,2015-04-20,"0",0,"Small"
"fb_391","m",54.31,32.25,0.794,2015-04-11,"0",0,"Small"
"fb_392","m",54.34,32.33,0.796,2015-04-12,"0",0,"Small"
"fb_393","m",54.8,32.84,0.8,2015-04-13,"1",91,"Small"
"fb_394","m",55.91,33.39,0.808,2015-04-14,"0",0,"Small"
"fb_395","m",56.02,33.44,0.812,2015-04-15,"0",0,"Small"
"fb_396","m",56.19,33.84,0.812,2015-04-16,"0",0,"Small"
"fb_397","m",56.43,34.42,0.83,2015-04-17,"0",0,"Small"
"fb_398","m",56.64,34.62,0.844,2015-04-18,"1",80,"Small"
"fb_399","m",56.68,35.15,0.852,2015-04-19,"0",0,"Small"
"fb_400","m",57.28,35.68,0.864,2015-04-20,"1",99,"Small"
"fb_401","f",55.56,34.51,0.934,2015-05-11,"0",0,"Small"
"fb_402","f",56.55,34.7,0.974,2015-05-12,"0",0,"Small"
"fb_403","f",57.8,34.97,0.976,2015-05-13,"1",86,"Small"
"fb_404","f",57.94,35.22,0.98,2015-05-14,"0",0,"Small"
"fb_405","f",58.14,35.95,0.988,2015-05-15,"1",91,"Small"
"fb_406","f",58.21,36.09,0.99,2015-05-16,"1",96,"Small"
"fb_407","f",58.33,36.16,0.992,2015-05-17,"0",0,"Small"
"fb_408","f",58.48,36.17,0.996,2015-05-18,"0",0,"Small"
"fb_409","f",58.63,36.19,1.002,2015-05-19,"0",0,"Small"
"fb_410","f",58.79,36.21,1.012,2015-05-20,"1",37,"Small"
"fb_411","f",59.07,36.22,1.016,2015-05-11,"1",45,"Small"
"fb_412","f",59.19,36.34,1.03,2015-05-12,"0",0,"Small"
"fb_413","f",59.3,36.51,1.054,2015-05-13,"0",0,"Small"
"fb_414","f",59.53,36.54,1.056,2015-05-14,"0",0,"Small"
"fb_415","f",59.59,36.67,1.06,2015-05-15,"0",0,"Small"
"fb_416","f",59.7,36.7,1.064,2015-05-16,"0",0,"Small"
"fb_417","f",59.91,37.01,1.068,2015-05-17,"1",45,"Small"
"fb_418","f",60.47,37.17,1.078,2015-05-18,"0",0,"Medium"
"fb_419","f",60.52,37.2,1.086,2015-05-19,"1",41,"Medium"
"fb_420","f",61.24,38.14,1.086,2015-05-20,"0",0,"Medium"
"fb_421","f",72.9,51.16,2.2,2015-05-11,"0",0,"Medium"
"fb_422","f",73.55,52.17,2.278,2015-05-12,"0",0,"Medium"
"fb_423","f",73.68,53,2.37,2015-05-13,"0",0,"Medium"
"fb_424","f",73.75,53.92,2.378,2015-05-14,"0",0,"Medium"
"fb_425","f",73.8,54.32,2.398,2015-05-15,"0",0,"Medium"
"fb_426","f",73.94,54.33,2.41,2015-05-16,"0",0,"Medium"
"fb_427","f",73.98,54.34,2.416,2015-05-17,"0",0,"Medium"
"fb_428","f",74.14,54.41,2.474,2015-05-18,"0",0,"Medium"
"fb_429","f",74.21,54.54,2.512,2015-05-19,"0",0,"Medium"
"fb_430","f",74.25,54.81,2.534,2015-05-20,"0",0,"Medium"
"fb_431","f",74.29,54.91,2.534,2015-05-11,"0",0,"Medium"
"fb_432","f",74.31,54.99,2.536,2015-05-12,"0",0,"Medium"
"fb_433","f",74.34,55.21,2.546,2015-05-13,"0",0,"Medium"
"fb_434","f",74.47,55.31,2.548,2015-05-14,"0",0,"Medium"
"fb_435","f",74.49,55.83,2.57,2015-05-15,"0",0,"Medium"
"fb_436","f",74.5,55.94,2.576,2015-05-16,"0",0,"Medium"
"fb_437","f",74.5,56.04,2.596,2015-05-17,"0",0,"Medium"
"fb_438","f",74.51,56.06,2.618,2015-05-18,"1",2,"Medium"
"fb_439","f",74.54,56.25,2.644,2015-05-19,"0",0,"Medium"
"fb_440","f",74.57,56.28,2.658,2015-05-20,"0",0,"Medium"
"fb_441","f",74.62,56.31,2.67,2015-05-11,"0",0,"Medium"
"fb_442","f",74.78,56.42,2.68,2015-05-12,"0",0,"Medium"
"fb_443","f",74.85,56.45,2.686,2015-05-13,"0",0,"Medium"
"fb_444","f",74.95,56.5,2.688,2015-05-14,"0",0,"Medium"
"fb_445","f",75.02,56.54,2.7,2015-05-15,"0",0,"Large"
"fb_446","f",75.05,56.55,2.71,2015-05-16,"0",0,"Large"
"fb_447","f",75.13,56.56,2.718,2015-05-17,"0",0,"Large"
"fb_448","f",75.24,56.57,2.718,2015-05-18,"0",0,"Large"
"fb_449","f",75.28,56.76,2.728,2015-05-19,"0",0,"Large"
"fb_450","f",75.33,56.78,2.734,2015-05-20,"0",0,"Large"
"fb_451","f",75.39,56.99,2.74,2015-05-11,"0",0,"Large"
"fb_452","f",75.4,57.18,2.744,2015-05-12,"0",0,"Large"
"fb_453","f",75.43,57.71,2.764,2015-05-13,"0",0,"Large"
"fb_454","f",75.48,57.77,2.78,2015-05-14,"0",0,"Large"
"fb_455","f",75.52,57.78,2.784,2015-05-15,"0",0,"Large"
"fb_456","f",75.53,58.06,2.788,2015-05-16,"0",0,"Large"
"fb_457","f",75.55,58.08,2.79,2015-05-17,"0",0,"Large"
"fb_458","f",75.67,58.29,2.998,2015-05-18,"0",0,"Large"
"fb_459","f",76.2,58.45,3.018,2015-05-19,"0",0,"Large"
"fb_460","f",76.21,58.67,3.04,2015-05-20,"0",0,"Large"
"fb_461","m",84.28,75.31,2.266,2015-05-11,"0",0,"Large"
"fb_462","m",85.06,75.33,2.268,2015-05-12,"0",0,"Large"
"fb_463","m",85.17,75.5,2.28,2015-05-13,"0",0,"Large"
"fb_464","m",85.31,75.85,2.298,2015-05-14,"0",0,"Large"
"fb_465","m",85.33,76.22,2.35,2015-05-15,"1",7,"Large"
"fb_466","m",85.53,76.25,2.364,2015-05-16,"0",0,"Large"
"fb_467","m",85.16,75.93,2.416,2015-05-17,"0",0,"Large"
"fb_468","m",85.32,76.08,2.486,2015-05-18,"0",0,"Large"
"fb_469","m",85.39,76.9,2.486,2015-05-19,"0",0,"Large"
"fb_470","m",85.42,77.29,2.518,2015-05-20,"0",0,"Large"
"fb_471","m",85.44,77.52,2.522,2015-05-11,"0",0,"Large"
"fb_472","m",85.56,77.82,2.548,2015-05-12,"0",0,"Large"
"fb_473","m",85.05,77.07,2.628,2015-05-13,"0",0,"Large"
"fb_474","m",85.11,77.19,2.65,2015-05-14,"0",0,"Large"
"fb_475","m",85.2,77.52,2.68,2015-05-15,"0",0,"Large"
"fb_476","m",85.32,78.14,2.69,2015-05-16,"0",0,"Large"
"fb_477","m",85.41,78.3,2.716,2015-05-17,"0",0,"Large"
"fb_478","m",85.43,78.78,2.72,2015-05-18,"0",0,"Large"
"fb_479","m",85.53,79.31,2.72,2015-05-19,"0",0,"Large"
"fb_480","m",85.53,79.42,2.752,2015-05-20,"0",0,"Large"
"fb_481","m",85.97,79.51,2.78,2015-05-11,"0",0,"Large"
"fb_482","m",85.27,78.53,2.844,2015-05-12,"0",0,"Large"
"fb_483","m",85.27,78.87,2.884,2015-05-13,"0",0,"Large"
"fb_484","m",85.5,79.53,2.902,2015-05-14,"0",0,"Large"
"fb_485","m",85.58,80.85,2.988,2015-05-15,"0",0,"Large"
"fb_486","m",56.13,32.2,0.924,2015-05-16,"0",0,"Small"
"fb_487","m",57.58,35.69,0.97,2015-05-17,"0",0,"Small"
"fb_488","m",57.83,36.09,0.974,2015-05-18,"1",90,"Small"
"fb_489","m",57.84,36.36,0.976,2015-05-19,"0",0,"Small"
"fb_490","m",57.89,36.74,0.986,2015-05-20,"0",0,"Small"
"fb_491","m",58.01,36.75,0.994,2015-05-11,"0",0,"Small"
"fb_492","m",58.04,36.83,0.996,2015-05-12,"0",0,"Small"
"fb_493","m",58.5,37.34,1,2015-05-13,"0",0,"Small"
"fb_494","m",59.61,37.89,1.008,2015-05-14,"0",0,"Small"
"fb_495","m",59.72,37.94,1.012,2015-05-15,"0",0,"Small"
"fb_496","m",59.89,38.34,1.012,2015-05-16,"0",0,"Small"
"fb_497","m",60.13,38.92,1.03,2015-05-17,"0",0,"Medium"
"fb_498","m",60.34,39.12,1.044,2015-05-18,"0",0,"Medium"
"fb_499","m",60.38,39.65,1.052,2015-05-19,"0",0,"Medium"
"fb_500","m",60.98,40.18,1.064,2015-05-20,"0",0,"Medium"
"fb_501","f",59.19,38.67,1.134,2015-06-10,"0",0,"Small"
"fb_502","f",60.18,38.86,1.174,2015-06-11,"0",0,"Medium"
"fb_503","f",61.43,39.13,1.176,2015-06-12,"0",0,"Medium"
"fb_504","f",61.57,39.38,1.18,2015-06-13,"0",0,"Medium"
"fb_505","f",61.77,40.11,1.188,2015-06-14,"0",0,"Medium"
"fb_506","f",61.84,40.25,1.19,2015-06-15,"0",0,"Medium"
"fb_507","f",61.96,40.32,1.192,2015-06-16,"0",0,"Medium"
"fb_508","f",62.11,40.33,1.196,2015-06-17,"1",50,"Medium"
"fb_509","f",62.26,40.35,1.202,2015-06-18,"0",0,"Medium"
"fb_510","f",62.42,40.37,1.212,2015-06-19,"0",0,"Medium"
"fb_511","f",62.7,40.38,1.216,2015-06-10,"1",44,"Medium"
"fb_512","f",62.82,40.5,1.23,2015-06-11,"0",0,"Medium"
"fb_513","f",62.93,40.67,1.254,2015-06-12,"0",0,"Medium"
"fb_514","f",63.16,40.7,1.256,2015-06-13,"0",0,"Medium"
"fb_515","f",63.22,40.83,1.26,2015-06-14,"0",0,"Medium"
"fb_516","f",63.33,40.86,1.264,2015-06-15,"0",0,"Medium"
"fb_517","f",63.54,41.17,1.268,2015-06-16,"0",0,"Medium"
"fb_518","f",64.1,41.33,1.278,2015-06-17,"0",0,"Medium"
"fb_519","f",64.15,41.36,1.286,2015-06-18,"0",0,"Medium"
"fb_520","f",64.87,42.3,1.286,2015-06-19,"0",0,"Medium"
"fb_521","f",74.03,52.99,2.4,2015-06-10,"0",0,"Medium"
"fb_522","f",74.68,54,2.478,2015-06-11,"0",0,"Medium"
"fb_523","f",74.81,54.83,2.57,2015-06-12,"0",0,"Medium"
"fb_524","f",74.87,55.75,2.578,2015-06-13,"0",0,"Medium"
"fb_525","f",74.88,55.96,2.598,2015-06-14,"0",0,"Medium"
"fb_526","f",74.91,55.97,2.61,2015-06-15,"0",0,"Medium"
"fb_527","f",74.93,56.04,2.616,2015-06-16,"0",0,"Medium"
"fb_528","f",75.07,56.15,2.674,2015-06-17,"0",0,"Large"
"fb_529","f",75.14,56.17,2.712,2015-06-18,"0",0,"Large"
"fb_530","f",75.18,56.44,2.734,2015-06-19,"0",0,"Large"
"fb_531","f",75.22,56.54,2.734,2015-06-10,"0",0,"Large"
"fb_532","f",75.24,56.62,2.736,2015-06-11,"0",0,"Large"
"fb_533","f",75.24,56.84,2.746,2015-06-12,"0",0,"Large"
"fb_534","f",75.27,56.94,2.748,2015-06-13,"0",0,"Large"
"fb_535","f",75.27,57.46,2.77,2015-06-14,"0",0,"Large"
"fb_536","f",75.3,57.49,2.776,2015-06-15,"0",0,"Large"
"fb_537","f",75.35,57.57,2.796,2015-06-16,"0",0,"Large"
"fb_538","f",75.4,57.67,2.818,2015-06-17,"0",0,"Large"
"fb_539","f",75.42,57.68,2.844,2015-06-18,"0",0,"Large"
"fb_540","f",75.43,57.71,2.858,2015-06-19,"0",0,"Large"
"fb_541","f",75.43,57.74,2.87,2015-06-10,"1",6,"Large"
"fb_542","f",75.51,57.85,2.88,2015-06-11,"0",0,"Large"
"fb_543","f",75.58,57.88,2.886,2015-06-12,"0",0,"Large"
"fb_544","f",75.68,57.93,2.888,2015-06-13,"0",0,"Large"
"fb_545","f",75.75,57.97,2.9,2015-06-14,"0",0,"Large"
"fb_546","f",75.78,57.98,2.91,2015-06-15,"0",0,"Large"
"fb_547","f",75.86,57.99,2.918,2015-06-16,"0",0,"Large"
"fb_548","f",75.97,58,2.918,2015-06-17,"0",0,"Large"
"fb_549","f",76.01,58.19,2.928,2015-06-18,"0",0,"Large"
"fb_550","f",76.06,58.21,2.934,2015-06-19,"0",0,"Large"
"fb_551","f",76.12,58.42,2.94,2015-06-10,"0",0,"Large"
"fb_552","f",76.13,58.45,2.944,2015-06-11,"0",0,"Large"
"fb_553","f",76.16,58.61,2.964,2015-06-12,"0",0,"Large"
"fb_554","f",76.2,58.67,2.98,2015-06-13,"0",0,"Large"
"fb_555","f",76.2,59.14,2.984,2015-06-14,"0",0,"Large"
"fb_556","f",76.21,59.2,2.988,2015-06-15,"0",0,"Large"
"fb_557","f",76.21,59.21,2.99,2015-06-16,"0",0,"Large"
"fb_558","f",76.25,59.49,3.198,2015-06-17,"0",0,"Large"
"fb_559","f",76.26,59.51,3.218,2015-06-18,"0",0,"Large"
"fb_560","f",76.28,59.52,3.24,2015-06-19,"0",0,"Large"
"fb_561","m",59.83,36.7,1.124,2015-06-10,"0",0,"Small"
"fb_562","m",61.28,40.19,1.17,2015-06-11,"0",0,"Medium"
"fb_563","m",61.53,40.59,1.174,2015-06-12,"0",0,"Medium"
"fb_564","m",61.54,40.86,1.176,2015-06-13,"0",0,"Medium"
"fb_565","m",61.59,41.24,1.186,2015-06-14,"0",0,"Medium"
"fb_566","m",61.71,41.25,1.194,2015-06-15,"0",0,"Medium"
"fb_567","m",61.74,41.33,1.196,2015-06-16,"0",0,"Medium"
"fb_568","m",62.2,41.84,1.2,2015-06-17,"0",0,"Medium"
"fb_569","m",63.31,42.39,1.208,2015-06-18,"0",0,"Medium"
"fb_570","m",63.42,42.44,1.212,2015-06-19,"0",0,"Medium"
"fb_571","m",63.59,42.84,1.212,2015-06-10,"0",0,"Medium"
"fb_572","m",63.83,43.42,1.23,2015-06-11,"0",0,"Medium"
"fb_573","m",64.04,43.62,1.244,2015-06-12,"0",0,"Medium"
"fb_574","m",64.08,44.15,1.252,2015-06-13,"0",0,"Medium"
"fb_575","m",64.68,44.68,1.264,2015-06-14,"0",0,"Medium"
"fb_576","m",87.58,79.11,2.466,2015-06-15,"0",0,"Large"
"fb_577","m",88.05,79.13,2.468,2015-06-16,"0",0,"Large"
"fb_578","m",88.07,79.3,2.48,2015-06-17,"0",0,"Large"
"fb_579","m",88.07,79.53,2.498,2015-06-18,"0",0,"Large"
"fb_580","m",88.11,79.65,2.55,2015-06-19,"0",0,"Large"
"fb_581","m",88.2,79.68,2.564,2015-06-10,"0",0,"Large"
"fb_582","m",88.26,80.02,2.616,2015-06-11,"0",0,"Large"
"fb_583","m",88.3,80.05,2.686,2015-06-12,"0",0,"Large"
"fb_584","m",88.32,80.47,2.686,2015-06-13,"0",0,"Large"
"fb_585","m",88.36,80.5,2.718,2015-06-14,"0",0,"Large"
"fb_586","m",88.38,80.59,2.722,2015-06-15,"0",0,"Large"
"fb_587","m",88.41,80.89,2.748,2015-06-16,"0",0,"Large"
"fb_588","m",88.42,80.92,2.828,2015-06-17,"0",0,"Large"
"fb_589","m",88.43,81.12,2.85,2015-06-18,"0",0,"Large"
"fb_590","m",88.47,81.42,2.88,2015-06-19,"0",0,"Large"
"fb_591","m",88.49,81.54,2.89,2015-06-10,"0",0,"Large"
"fb_592","m",88.52,81.7,2.916,2015-06-11,"0",0,"Large"
"fb_593","m",88.53,81.73,2.92,2015-06-12,"0",0,"Large"
"fb_594","m",88.53,82.07,2.92,2015-06-13,"0",0,"Large"
"fb_595","m",88.54,82.18,2.952,2015-06-14,"0",0,"Large"
"fb_596","m",88.61,82.71,2.98,2015-06-15,"0",0,"Large"
"fb_597","m",88.63,82.73,3.044,2015-06-16,"0",0,"Large"
"fb_598","m",88.66,82.82,3.084,2015-06-17,"0",0,"Large"
"fb_599","m",88.83,82.91,3.102,2015-06-18,"0",0,"Large"
"fb_600","m",88.97,84.05,3.188,2015-06-19,"0",0,"Large"
"fb_601","f",62.82,42.83,1.334,2015-07-10,"0",0,"Medium"
"fb_602","f",63.81,43.02,1.374,2015-07-11,"0",0,"Medium"
"fb_603","f",65.06,43.29,1.376,2015-07-12,"0",0,"Medium"
"fb_604","f",65.2,43.54,1.38,2015-07-13,"0",0,"Medium"
"fb_605","f",65.4,44.27,1.388,2015-07-14,"0",0,"Medium"
"fb_606","f",65.47,44.41,1.39,2015-07-15,"0",0,"Medium"
"fb_607","f",65.59,44.48,1.392,2015-07-16,"0",0,"Medium"
"fb_608","f",65.74,44.49,1.396,2015-07-17,"1",41,"Medium"
"fb_609","f",65.89,44.51,1.402,2015-07-18,"0",0,"Medium"
"fb_610","f",66.05,44.53,1.412,2015-07-19,"0",0,"Medium"
"fb_611","f",66.33,44.54,1.416,2015-07-10,"0",0,"Medium"
"fb_612","f",66.45,44.66,1.43,2015-07-11,"0",0,"Medium"
"fb_613","f",66.56,44.83,1.454,2015-07-12,"0",0,"Medium"
"fb_614","f",66.79,44.86,1.456,2015-07-13,"0",0,"Medium"
"fb_615","f",66.85,44.99,1.46,2015-07-14,"0",0,"Medium"
"fb_616","f",66.96,45.02,1.464,2015-07-15,"0",0,"Medium"
"fb_617","f",67.17,45.33,1.468,2015-07-16,"1",40,"Medium"
"fb_618","f",67.73,45.49,1.478,2015-07-17,"0",0,"Medium"
"fb_619","f",67.78,45.52,1.486,2015-07-18,"0",0,"Medium"
"fb_620","f",68.5,46.46,1.486,2015-07-19,"0",0,"Medium"
"fb_621","f",74.96,54.62,2.6,2015-07-10,"0",0,"Medium"
"fb_622","f",75.61,55.63,2.678,2015-07-11,"0",0,"Large"
"fb_623","f",75.64,56.46,2.77,2015-07-12,"0",0,"Large"
"fb_624","f",75.66,57.38,2.778,2015-07-13,"0",0,"Large"
"fb_625","f",75.74,57.4,2.798,2015-07-14,"0",0,"Large"
"fb_626","f",75.8,57.47,2.81,2015-07-15,"0",0,"Large"
"fb_627","f",75.8,57.58,2.816,2015-07-16,"0",0,"Large"
"fb_628","f",75.81,57.59,2.874,2015-07-17,"0",0,"Large"
"fb_629","f",75.87,57.6,2.912,2015-07-18,"0",0,"Large"
"fb_630","f",75.91,57.87,2.934,2015-07-19,"0",0,"Large"
"fb_631","f",75.93,57.97,2.934,2015-07-10,"0",0,"Large"
"fb_632","f",75.95,58.05,2.936,2015-07-11,"0",0,"Large"
"fb_633","f",75.95,58.27,2.946,2015-07-12,"0",0,"Large"
"fb_634","f",75.96,58.37,2.948,2015-07-13,"0",0,"Large"
"fb_635","f",75.96,58.89,2.97,2015-07-14,"0",0,"Large"
"fb_636","f",75.97,58.9,2.976,2015-07-15,"0",0,"Large"
"fb_637","f",75.97,58.91,2.996,2015-07-16,"0",0,"Large"
"fb_638","f",76,58.92,3.018,2015-07-17,"0",0,"Large"
"fb_639","f",76,58.94,3.044,2015-07-18,"0",0,"Large"
"fb_640","f",76.03,58.97,3.058,2015-07-19,"0",0,"Large"
"fb_641","f",76.04,59,3.07,2015-07-10,"0",0,"Large"
"fb_642","f",76.08,59.08,3.08,2015-07-11,"0",0,"Large"
"fb_643","f",76.11,59.11,3.086,2015-07-12,"0",0,"Large"
"fb_644","f",76.21,59.16,3.088,2015-07-13,"0",0,"Large"
"fb_645","f",76.25,59.2,3.1,2015-07-14,"0",0,"Large"
"fb_646","f",76.26,59.21,3.11,2015-07-15,"0",0,"Large"
"fb_647","f",76.28,59.22,3.118,2015-07-16,"0",0,"Large"
"fb_648","f",76.28,59.23,3.118,2015-07-17,"0",0,"Large"
"fb_649","f",76.31,59.42,3.128,2015-07-18,"0",0,"Large"
"fb_650","f",76.39,59.44,3.134,2015-07-19,"0",0,"Large"
"fb_651","f",76.5,59.49,3.14,2015-07-10,"0",0,"Large"
"fb_652","f",76.54,59.51,3.144,2015-07-11,"0",0,"Large"
"fb_653","f",76.59,59.52,3.164,2015-07-12,"0",0,"Large"
"fb_654","f",76.65,59.65,3.18,2015-07-13,"0",0,"Large"
"fb_655","f",76.66,59.68,3.184,2015-07-14,"0",0,"Large"
"fb_656","f",76.69,59.84,3.188,2015-07-15,"0",0,"Large"
"fb_657","f",76.73,59.9,3.19,2015-07-16,"0",0,"Large"
"fb_658","f",76.73,60.37,3.398,2015-07-17,"0",0,"Large"
"fb_659","f",76.74,60.43,3.418,2015-07-18,"0",0,"Large"
"fb_660","f",76.74,60.44,3.44,2015-07-19,"0",0,"Large"
"fb_661","m",63.53,41.2,1.324,2015-07-10,"1",39,"Medium"
"fb_662","m",64.98,44.69,1.37,2015-07-11,"0",0,"Medium"
"fb_663","m",65.23,45.09,1.374,2015-07-12,"1",40,"Medium"
"fb_664","m",65.24,45.36,1.376,2015-07-13,"0",0,"Medium"
"fb_665","m",65.29,45.74,1.386,2015-07-14,"0",0,"Medium"
"fb_666","m",65.41,45.75,1.394,2015-07-15,"0",0,"Medium"
"fb_667","m",65.44,45.83,1.396,2015-07-16,"0",0,"Medium"
"fb_668","m",65.9,46.34,1.4,2015-07-17,"1",39,"Medium"
"fb_669","m",67.01,46.89,1.408,2015-07-18,"1",40,"Medium"
"fb_670","m",67.12,46.94,1.412,2015-07-19,"0",0,"Medium"
"fb_671","m",67.29,47.34,1.412,2015-07-10,"1",36,"Medium"
"fb_672","m",67.53,47.92,1.43,2015-07-11,"0",0,"Medium"
"fb_673","m",67.74,48.12,1.444,2015-07-12,"0",0,"Medium"
"fb_674","m",67.78,48.65,1.452,2015-07-13,"0",0,"Medium"
"fb_675","m",68.38,49.18,1.464,2015-07-14,"1",39,"Medium"
"fb_676","m",88.63,82.71,2.666,2015-07-15,"0",0,"Large"
"fb_677","m",88.66,82.73,2.668,2015-07-16,"0",0,"Large"
"fb_678","m",88.83,82.73,2.68,2015-07-17,"0",0,"Large"
"fb_679","m",88.97,82.82,2.698,2015-07-18,"0",0,"Large"
"fb_680","m",90.68,82.9,2.75,2015-07-19,"0",0,"Large"
"fb_681","m",91.15,82.91,2.764,2015-07-10,"0",0,"Large"
"fb_682","m",91.17,83.13,2.816,2015-07-11,"0",0,"Large"
"fb_683","m",91.17,83.25,2.886,2015-07-12,"0",0,"Large"
"fb_684","m",91.21,83.28,2.886,2015-07-13,"0",0,"Large"
"fb_685","m",91.22,83.42,2.918,2015-07-14,"0",0,"Large"
"fb_686","m",91.23,83.45,2.922,2015-07-15,"1",3,"Large"
"fb_687","m",91.26,83.87,2.948,2015-07-16,"0",0,"Large"
"fb_688","m",91.27,83.9,3.028,2015-07-17,"0",0,"Large"
"fb_689","m",91.29,83.99,3.05,2015-07-18,"0",0,"Large"
"fb_690","m",91.3,84.05,3.08,2015-07-19,"0",0,"Large"
"fb_691","m",91.3,84.12,3.09,2015-07-10,"0",0,"Large"
"fb_692","m",91.32,84.29,3.116,2015-07-11,"0",0,"Large"
"fb_693","m",91.32,84.32,3.12,2015-07-12,"0",0,"Large"
"fb_694","m",91.33,84.62,3.12,2015-07-13,"0",0,"Large"
"fb_695","m",91.33,84.74,3.152,2015-07-14,"0",0,"Large"
"fb_696","m",91.34,84.9,3.18,2015-07-15,"0",0,"Large"
"fb_697","m",91.36,84.93,3.244,2015-07-16,"0",0,"Large"
"fb_698","m",91.38,85.27,3.284,2015-07-17,"0",0,"Large"
"fb_699","m",91.41,85.38,3.302,2015-07-18,"0",0,"Large"
"fb_700","m",91.41,85.91,3.388,2015-07-19,"0",0,"Large"
"fb_701","f",66.45,46.99,1.534,2015-08-09,"0",0,"Medium"
"fb_702","f",67.44,47.18,1.574,2015-08-10,"0",0,"Medium"
"fb_703","f",68.69,47.45,1.576,2015-08-11,"0",0,"Medium"
"fb_704","f",68.83,47.7,1.58,2015-08-12,"0",0,"Medium"
"fb_705","f",69.03,48.43,1.588,2015-08-13,"0",0,"Medium"
"fb_706","f",69.1,48.57,1.59,2015-08-14,"0",0,"Medium"
"fb_707","f",69.22,48.64,1.592,2015-08-15,"0",0,"Medium"
"fb_708","f",69.37,48.65,1.596,2015-08-16,"0",0,"Medium"
"fb_709","f",69.52,48.67,1.602,2015-08-17,"0",0,"Medium"
"fb_710","f",69.68,48.69,1.612,2015-08-18,"0",0,"Medium"
"fb_711","f",69.96,48.7,1.616,2015-08-09,"0",0,"Medium"
"fb_712","f",70.08,48.82,1.63,2015-08-10,"0",0,"Medium"
"fb_713","f",70.19,48.99,1.654,2015-08-11,"0",0,"Medium"
"fb_714","f",70.42,49.02,1.656,2015-08-12,"0",0,"Medium"
"fb_715","f",70.48,49.15,1.66,2015-08-13,"0",0,"Medium"
"fb_716","f",70.59,49.18,1.664,2015-08-14,"0",0,"Medium"
"fb_717","f",70.8,49.49,1.668,2015-08-15,"1",22,"Medium"
"fb_718","f",71.36,49.65,1.678,2015-08-16,"0",0,"Medium"
"fb_719","f",71.41,49.68,1.686,2015-08-17,"1",21,"Medium"
"fb_720","f",72.13,50.62,1.686,2015-08-18,"0",0,"Medium"
"fb_721","f",75.69,56.05,2.8,2015-08-09,"0",0,"Large"
"fb_722","f",76,57.06,2.878,2015-08-10,"0",0,"Large"
"fb_723","f",76,57.89,2.97,2015-08-11,"0",0,"Large"
"fb_724","f",76.03,58.7,2.978,2015-08-12,"0",0,"Large"
"fb_725","f",76.04,58.81,2.998,2015-08-13,"0",0,"Large"
"fb_726","f",76.08,58.81,3.01,2015-08-14,"0",0,"Large"
"fb_727","f",76.11,58.82,3.016,2015-08-15,"0",0,"Large"
"fb_728","f",76.21,58.83,3.074,2015-08-16,"0",0,"Large"
"fb_729","f",76.25,58.83,3.112,2015-08-17,"0",0,"Large"
"fb_730","f",76.26,58.92,3.134,2015-08-18,"0",0,"Large"
"fb_731","f",76.28,58.94,3.134,2015-08-09,"0",0,"Large"
"fb_732","f",76.28,58.97,3.136,2015-08-10,"0",0,"Large"
"fb_733","f",76.31,59,3.146,2015-08-11,"0",0,"Large"
"fb_734","f",76.33,59.08,3.148,2015-08-12,"0",0,"Large"
"fb_735","f",76.33,59.1,3.17,2015-08-13,"0",0,"Large"
"fb_736","f",76.34,59.11,3.176,2015-08-14,"0",0,"Large"
"fb_737","f",76.34,59.16,3.196,2015-08-15,"0",0,"Large"
"fb_738","f",76.37,59.2,3.218,2015-08-16,"0",0,"Large"
"fb_739","f",76.39,59.2,3.244,2015-08-17,"0",0,"Large"
"fb_740","f",76.39,59.21,3.258,2015-08-18,"0",0,"Large"
"fb_741","f",76.4,59.22,3.27,2015-08-09,"0",0,"Large"
"fb_742","f",76.44,59.23,3.28,2015-08-10,"0",0,"Large"
"fb_743","f",76.46,59.28,3.286,2015-08-11,"0",0,"Large"
"fb_744","f",76.47,59.42,3.288,2015-08-12,"0",0,"Large"
"fb_745","f",76.48,59.44,3.3,2015-08-13,"0",0,"Large"
"fb_746","f",76.48,59.49,3.31,2015-08-14,"0",0,"Large"
"fb_747","f",76.49,59.5,3.318,2015-08-15,"0",0,"Large"
"fb_748","f",76.49,59.51,3.318,2015-08-16,"0",0,"Large"
"fb_749","f",76.5,59.52,3.328,2015-08-17,"0",0,"Large"
"fb_750","f",76.5,59.6,3.334,2015-08-18,"0",0,"Large"
"fb_751","f",76.5,59.65,3.34,2015-08-09,"0",0,"Large"
"fb_752","f",76.54,59.68,3.344,2015-08-10,"0",0,"Large"
"fb_753","f",76.59,59.84,3.364,2015-08-11,"0",0,"Large"
"fb_754","f",76.65,59.9,3.38,2015-08-12,"0",0,"Large"
"fb_755","f",76.66,60.12,3.384,2015-08-13,"0",0,"Large"
"fb_756","f",76.69,60.13,3.388,2015-08-14,"0",0,"Large"
"fb_757","f",76.73,60.14,3.39,2015-08-15,"0",0,"Large"
"fb_758","f",76.73,60.37,3.598,2015-08-16,"0",0,"Large"
"fb_759","f",76.74,60.43,3.618,2015-08-17,"0",0,"Large"
"fb_760","f",76.74,60.44,3.64,2015-08-18,"0",0,"Large"
"fb_761","m",67.23,45.7,1.524,2015-08-09,"0",0,"Medium"
"fb_762","m",68.68,49.19,1.57,2015-08-10,"0",0,"Medium"
"fb_763","m",68.93,49.59,1.574,2015-08-11,"0",0,"Medium"
"fb_764","m",68.94,49.86,1.576,2015-08-12,"0",0,"Medium"
"fb_765","m",68.99,50.24,1.586,2015-08-13,"0",0,"Medium"
"fb_766","m",69.11,50.25,1.594,2015-08-14,"0",0,"Medium"
"fb_767","m",69.14,50.33,1.596,2015-08-15,"0",0,"Medium"
"fb_768","m",69.6,50.84,1.6,2015-08-16,"0",0,"Medium"
"fb_769","m",70.71,51.39,1.608,2015-08-17,"0",0,"Medium"
"fb_770","m",70.82,51.44,1.612,2015-08-18,"0",0,"Medium"
"fb_771","m",70.99,51.84,1.612,2015-08-09,"0",0,"Medium"
"fb_772","m",71.23,52.42,1.63,2015-08-10,"0",0,"Medium"
"fb_773","m",71.44,52.62,1.644,2015-08-11,"0",0,"Medium"
"fb_774","m",71.48,53.15,1.652,2015-08-12,"0",0,"Medium"
"fb_775","m",72.08,53.68,1.664,2015-08-13,"0",0,"Medium"
"fb_776","m",91.27,83.9,2.866,2015-08-14,"0",0,"Large"
"fb_777","m",91.29,83.99,2.868,2015-08-15,"0",0,"Large"
"fb_778","m",91.3,84.05,2.88,2015-08-16,"0",0,"Large"
"fb_779","m",91.3,84.12,2.898,2015-08-17,"0",0,"Large"
"fb_780","m",91.32,84.29,2.95,2015-08-18,"0",0,"Large"
"fb_781","m",91.32,84.32,2.964,2015-08-09,"0",0,"Large"
"fb_782","m",91.33,84.62,3.016,2015-08-10,"0",0,"Large"
"fb_783","m",91.33,84.74,3.086,2015-08-11,"0",0,"Large"
"fb_784","m",91.34,84.9,3.086,2015-08-12,"0",0,"Large"
"fb_785","m",91.36,84.93,3.118,2015-08-13,"0",0,"Large"
"fb_786","m",91.38,85.27,3.122,2015-08-14,"0",0,"Large"
"fb_787","m",91.41,85.38,3.148,2015-08-15,"0",0,"Large"
"fb_788","m",91.41,85.91,3.228,2015-08-16,"0",0,"Large"
"fb_789","m",91.63,86.11,3.25,2015-08-17,"0",0,"Large"
"fb_790","m",91.66,86.13,3.28,2015-08-18,"0",0,"Large"
"fb_791","m",91.83,86.13,3.29,2015-08-09,"0",0,"Large"
"fb_792","m",91.97,86.22,3.316,2015-08-10,"0",0,"Large"
"fb_793","m",93.68,86.3,3.32,2015-08-11,"0",0,"Large"
"fb_794","m",93.97,86.31,3.32,2015-08-12,"0",0,"Large"
"fb_795","m",93.97,86.33,3.352,2015-08-13,"0",0,"Large"
"fb_796","m",94.01,86.45,3.38,2015-08-14,"0",0,"Large"
"fb_797","m",94.02,86.48,3.444,2015-08-15,"0",0,"Large"
"fb_798","m",94.03,86.62,3.484,2015-08-16,"0",0,"Large"
"fb_799","m",94.06,86.65,3.502,2015-08-17,"0",0,"Large"
"fb_800","m",94.15,87.07,3.588,2015-08-18,"0",0,"Large"
"fb_801","f",70.08,51.15,1.734,2015-09-08,"0",0,"Medium"
"fb_802","f",71.07,51.34,1.774,2015-09-09,"0",0,"Medium"
"fb_803","f",72.32,51.61,1.776,2015-09-10,"0",0,"Medium"
"fb_804","f",72.46,51.86,1.78,2015-09-11,"0",0,"Medium"
"fb_805","f",72.66,52.59,1.788,2015-09-12,"0",0,"Medium"
"fb_806","f",72.73,52.73,1.79,2015-09-13,"0",0,"Medium"
"fb_807","f",72.85,52.8,1.792,2015-09-14,"0",0,"Medium"
"fb_808","f",73,52.81,1.796,2015-09-15,"0",0,"Medium"
"fb_809","f",73.15,52.83,1.802,2015-09-16,"0",0,"Medium"
"fb_810","f",73.31,52.85,1.812,2015-09-17,"0",0,"Medium"
"fb_811","f",73.59,52.86,1.816,2015-09-08,"0",0,"Medium"
"fb_812","f",73.71,52.98,1.83,2015-09-09,"0",0,"Medium"
"fb_813","f",73.82,53.15,1.854,2015-09-10,"0",0,"Medium"
"fb_814","f",74.05,53.18,1.856,2015-09-11,"0",0,"Medium"
"fb_815","f",74.11,53.31,1.86,2015-09-12,"0",0,"Medium"
"fb_816","f",74.22,53.34,1.864,2015-09-13,"0",0,"Medium"
"fb_817","f",74.43,53.65,1.868,2015-09-14,"0",0,"Medium"
"fb_818","f",74.99,53.81,1.878,2015-09-15,"0",0,"Medium"
"fb_819","f",75.04,53.84,1.886,2015-09-16,"0",0,"Large"
"fb_820","f",75.76,54.78,1.886,2015-09-17,"1",9,"Large"
"fb_821","f",76.08,57.28,3,2015-09-08,"0",0,"Large"
"fb_822","f",76.11,58.29,3.078,2015-09-09,"0",0,"Large"
"fb_823","f",76.21,58.81,3.17,2015-09-10,"0",0,"Large"
"fb_824","f",76.22,58.82,3.178,2015-09-11,"0",0,"Large"
"fb_825","f",76.25,58.83,3.198,2015-09-12,"0",0,"Large"
"fb_826","f",76.26,58.83,3.21,2015-09-13,"0",0,"Large"
"fb_827","f",76.28,58.92,3.216,2015-09-14,"0",0,"Large"
"fb_828","f",76.28,58.94,3.274,2015-09-15,"0",0,"Large"
"fb_829","f",76.31,58.97,3.312,2015-09-16,"0",0,"Large"
"fb_830","f",76.33,59,3.334,2015-09-17,"0",0,"Large"
"fb_831","f",76.33,59.08,3.334,2015-09-08,"0",0,"Large"
"fb_832","f",76.34,59.1,3.336,2015-09-09,"0",0,"Large"
"fb_833","f",76.34,59.11,3.346,2015-09-10,"0",0,"Large"
"fb_834","f",76.37,59.12,3.348,2015-09-11,"0",0,"Large"
"fb_835","f",76.39,59.16,3.37,2015-09-12,"0",0,"Large"
"fb_836","f",76.39,59.2,3.376,2015-09-13,"0",0,"Large"
"fb_837","f",76.4,59.2,3.396,2015-09-14,"0",0,"Large"
"fb_838","f",76.44,59.21,3.418,2015-09-15,"0",0,"Large"
"fb_839","f",76.46,59.22,3.444,2015-09-16,"0",0,"Large"
"fb_840","f",76.47,59.23,3.458,2015-09-17,"0",0,"Large"
"fb_841","f",76.48,59.28,3.47,2015-09-08,"1",5,"Large"
"fb_842","f",76.48,59.42,3.48,2015-09-09,"0",0,"Large"
"fb_843","f",76.49,59.44,3.486,2015-09-10,"0",0,"Large"
"fb_844","f",76.49,59.49,3.488,2015-09-11,"0",0,"Large"
"fb_845","f",76.5,59.5,3.5,2015-09-12,"0",0,"Large"
"fb_846","f",76.5,59.51,3.51,2015-09-13,"0",0,"Large"
"fb_847","f",76.5,59.52,3.518,2015-09-14,"0",0,"Large"
"fb_848","f",76.53,59.6,3.518,2015-09-15,"0",0,"Large"
"fb_849","f",76.53,59.65,3.528,2015-09-16,"0",0,"Large"
"fb_850","f",76.54,59.68,3.534,2015-09-17,"0",0,"Large"
"fb_851","f",76.56,59.84,3.54,2015-09-08,"0",0,"Large"
"fb_852","f",76.57,59.9,3.544,2015-09-09,"0",0,"Large"
"fb_853","f",76.59,59.93,3.564,2015-09-10,"0",0,"Large"
"fb_854","f",76.65,60.04,3.58,2015-09-11,"0",0,"Large"
"fb_855","f",76.66,60.12,3.584,2015-09-12,"0",0,"Large"
"fb_856","f",76.69,60.13,3.588,2015-09-13,"0",0,"Large"
"fb_857","f",76.73,60.14,3.59,2015-09-14,"0",0,"Large"
"fb_858","f",76.73,60.37,3.798,2015-09-15,"0",0,"Large"
"fb_859","f",76.74,60.43,3.818,2015-09-16,"0",0,"Large"
"fb_860","f",76.74,60.44,3.84,2015-09-17,"0",0,"Large"
"fb_861","m",70.93,50.2,1.724,2015-09-08,"0",0,"Medium"
"fb_862","m",72.38,53.69,1.77,2015-09-09,"0",0,"Medium"
"fb_863","m",72.63,54.09,1.774,2015-09-10,"0",0,"Medium"
"fb_864","m",72.64,54.36,1.776,2015-09-11,"0",0,"Medium"
"fb_865","m",72.69,54.74,1.786,2015-09-12,"0",0,"Medium"
"fb_866","m",72.81,54.75,1.794,2015-09-13,"1",17,"Medium"
"fb_867","m",72.84,54.83,1.796,2015-09-14,"0",0,"Medium"
"fb_868","m",73.3,55.34,1.8,2015-09-15,"0",0,"Medium"
"fb_869","m",74.41,55.89,1.808,2015-09-16,"0",0,"Medium"
"fb_870","m",74.52,55.94,1.812,2015-09-17,"0",0,"Medium"
"fb_871","m",74.69,56.34,1.812,2015-09-08,"0",0,"Medium"
"fb_872","m",74.93,56.92,1.83,2015-09-09,"0",0,"Medium"
"fb_873","m",75.14,57.12,1.844,2015-09-10,"0",0,"Large"
"fb_874","m",75.18,57.65,1.852,2015-09-11,"0",0,"Large"
"fb_875","m",75.78,58.18,1.864,2015-09-12,"0",0,"Large"
"fb_876","m",91.33,84.62,3.066,2015-09-13,"1",6,"Large"
"fb_877","m",91.33,84.74,3.068,2015-09-14,"0",0,"Large"
"fb_878","m",91.34,84.9,3.08,2015-09-15,"0",0,"Large"
"fb_879","m",91.36,84.93,3.098,2015-09-16,"0",0,"Large"
"fb_880","m",91.38,85.27,3.15,2015-09-17,"0",0,"Large"
"fb_881","m",91.41,85.38,3.164,2015-09-08,"0",0,"Large"
"fb_882","m",91.41,85.91,3.216,2015-09-09,"0",0,"Large"
"fb_883","m",91.63,86.11,3.286,2015-09-10,"0",0,"Large"
"fb_884","m",91.66,86.13,3.286,2015-09-11,"0",0,"Large"
"fb_885","m",91.83,86.13,3.318,2015-09-12,"0",0,"Large"
"fb_886","m",91.97,86.22,3.322,2015-09-13,"0",0,"Large"
"fb_887","m",93.68,86.3,3.348,2015-09-14,"0",0,"Large"
"fb_888","m",93.97,86.31,3.428,2015-09-15,"0",0,"Large"
"fb_889","m",93.97,86.33,3.45,2015-09-16,"0",0,"Large"
"fb_890","m",94.01,86.45,3.48,2015-09-17,"1",4,"Large"
"fb_891","m",94.02,86.48,3.49,2015-09-08,"0",0,"Large"
"fb_892","m",94.03,86.62,3.516,2015-09-09,"0",0,"Large"
"fb_893","m",94.06,86.65,3.52,2015-09-10,"0",0,"Large"
"fb_894","m",94.07,87.07,3.52,2015-09-11,"0",0,"Large"
"fb_895","m",94.09,87.1,3.552,2015-09-12,"0",0,"Large"
"fb_896","m",94.1,87.19,3.58,2015-09-13,"0",0,"Large"
"fb_897","m",94.1,87.25,3.644,2015-09-14,"0",0,"Large"
"fb_898","m",94.12,87.32,3.684,2015-09-15,"0",0,"Large"
"fb_899","m",94.12,87.49,3.702,2015-09-16,"0",0,"Large"
"fb_900","m",94.15,87.52,3.788,2015-09-17,"0",0,"Large"
"fb_901","f",73.71,55.06,1.934,2015-10-08,"0",0,"Medium"
"fb_902","f",74.68,55.08,1.974,2015-10-09,"0",0,"Medium"
"fb_903","f",74.7,55.09,1.976,2015-10-10,"0",0,"Medium"
"fb_904","f",74.84,55.21,1.98,2015-10-11,"0",0,"Medium"
"fb_905","f",75.12,55.31,1.988,2015-10-12,"0",0,"Large"
"fb_906","f",75.24,55.38,1.99,2015-10-13,"0",0,"Large"
"fb_907","f",75.35,55.41,1.992,2015-10-14,"0",0,"Large"
"fb_908","f",75.58,55.5,1.996,2015-10-15,"1",12,"Large"
"fb_909","f",75.64,55.54,2.002,2015-10-16,"0",0,"Large"
"fb_910","f",75.75,55.57,2.012,2015-10-17,"1",14,"Large"
"fb_911","f",75.95,55.77,2.016,2015-10-08,"0",0,"Large"
"fb_912","f",75.96,55.88,2.03,2015-10-09,"0",0,"Large"
"fb_913","f",76.08,56.02,2.054,2015-10-10,"0",0,"Large"
"fb_914","f",76.09,56.04,2.056,2015-10-11,"0",0,"Large"
"fb_915","f",76.11,56.07,2.06,2015-10-12,"0",0,"Large"
"fb_916","f",76.21,56.75,2.064,2015-10-13,"0",0,"Large"
"fb_917","f",76.22,56.89,2.068,2015-10-14,"0",0,"Large"
"fb_918","f",76.25,56.96,2.078,2015-10-15,"0",0,"Large"
"fb_919","f",76.26,56.97,2.086,2015-10-16,"0",0,"Large"
"fb_920","f",76.28,57.01,2.086,2015-10-17,"0",0,"Large"
"fb_921","f",76.28,57.28,3.2,2015-10-08,"0",0,"Large"
"fb_922","f",76.29,58.29,3.278,2015-10-09,"0",0,"Large"
"fb_923","f",76.31,58.81,3.37,2015-10-10,"0",0,"Large"
"fb_924","f",76.33,58.82,3.378,2015-10-11,"0",0,"Large"
"fb_925","f",76.33,58.83,3.398,2015-10-12,"0",0,"Large"
"fb_926","f",76.34,58.83,3.41,2015-10-13,"0",0,"Large"
"fb_927","f",76.34,58.92,3.416,2015-10-14,"0",0,"Large"
"fb_928","f",76.36,58.94,3.474,2015-10-15,"0",0,"Large"
"fb_929","f",76.37,58.97,3.512,2015-10-16,"0",0,"Large"
"fb_930","f",76.39,59,3.534,2015-10-17,"0",0,"Large"
"fb_931","f",76.39,59.08,3.534,2015-10-08,"0",0,"Large"
"fb_932","f",76.4,59.1,3.536,2015-10-09,"0",0,"Large"
"fb_933","f",76.44,59.11,3.546,2015-10-10,"0",0,"Large"
"fb_934","f",76.46,59.12,3.548,2015-10-11,"0",0,"Large"
"fb_935","f",76.47,59.16,3.57,2015-10-12,"0",0,"Large"
"fb_936","f",76.48,59.2,3.576,2015-10-13,"0",0,"Large"
"fb_937","f",76.48,59.2,3.596,2015-10-14,"0",0,"Large"
"fb_938","f",76.48,59.21,3.618,2015-10-15,"0",0,"Large"
"fb_939","f",76.49,59.22,3.644,2015-10-16,"0",0,"Large"
"fb_940","f",76.49,59.23,3.658,2015-10-17,"1",6,"Large"
"fb_941","f",76.5,59.28,3.67,2015-10-08,"0",0,"Large"
"fb_942","f",76.5,59.42,3.68,2015-10-09,"0",0,"Large"
"fb_943","f",76.5,59.44,3.686,2015-10-10,"0",0,"Large"
"fb_944","f",76.52,59.49,3.688,2015-10-11,"0",0,"Large"
"fb_945","f",76.53,59.5,3.7,2015-10-12,"0",0,"Large"
"fb_946","f",76.53,59.51,3.71,2015-10-13,"0",0,"Large"
"fb_947","f",76.54,59.52,3.718,2015-10-14,"0",0,"Large"
"fb_948","f",76.56,59.6,3.718,2015-10-15,"0",0,"Large"
"fb_949","f",76.57,59.65,3.728,2015-10-16,"0",0,"Large"
"fb_950","f",76.57,59.68,3.734,2015-10-17,"0",0,"Large"
"fb_951","f",76.59,59.84,3.74,2015-10-08,"0",0,"Large"
"fb_952","f",76.63,59.9,3.744,2015-10-09,"0",0,"Large"
"fb_953","f",76.65,59.93,3.764,2015-10-10,"0",0,"Large"
"fb_954","f",76.66,60.04,3.78,2015-10-11,"0",0,"Large"
"fb_955","f",76.69,60.12,3.784,2015-10-12,"0",0,"Large"
"fb_956","f",76.73,60.13,3.788,2015-10-13,"0",0,"Large"
"fb_957","f",76.73,60.14,3.79,2015-10-14,"0",0,"Large"
"fb_958","f",76.74,60.37,3.998,2015-10-15,"0",0,"Large"
"fb_959","f",76.74,60.43,4.018,2015-10-16,"0",0,"Large"
"fb_960","f",77.29,60.44,4.04,2015-10-17,"0",0,"Large"
"fb_961","m",74.63,54.7,1.924,2015-10-08,"1",9,"Medium"
"fb_962","m",76.08,58.19,1.97,2015-10-09,"0",0,"Large"
"fb_963","m",76.33,58.59,1.974,2015-10-10,"0",0,"Large"
"fb_964","m",76.34,58.86,1.976,2015-10-11,"0",0,"Large"
"fb_965","m",76.39,59.24,1.986,2015-10-12,"0",0,"Large"
"fb_966","m",76.51,59.25,1.994,2015-10-13,"1",11,"Large"
"fb_967","m",76.54,59.33,1.996,2015-10-14,"0",0,"Large"
"fb_968","m",77,59.84,2,2015-10-15,"0",0,"Large"
"fb_969","m",78.11,60.39,2.008,2015-10-16,"0",0,"Large"
"fb_970","m",78.22,60.44,2.012,2015-10-17,"0",0,"Large"
"fb_971","m",78.39,60.84,2.012,2015-10-08,"1",9,"Large"
"fb_972","m",78.63,61.42,2.03,2015-10-09,"0",0,"Large"
"fb_973","m",78.84,61.62,2.044,2015-10-10,"0",0,"Large"
"fb_974","m",78.88,62.15,2.052,2015-10-11,"0",0,"Large"
"fb_975","m",79.48,62.68,2.064,2015-10-12,"0",0,"Large"
"fb_976","m",91.33,84.62,3.266,2015-10-13,"0",0,"Large"
"fb_977","m",91.33,84.74,3.268,2015-10-14,"0",0,"Large"
"fb_978","m",91.34,84.9,3.28,2015-10-15,"0",0,"Large"
"fb_979","m",91.36,84.93,3.298,2015-10-16,"0",0,"Large"
"fb_980","m",91.38,85.27,3.35,2015-10-17,"0",0,"Large"
"fb_981","m",91.41,85.38,3.364,2015-10-08,"0",0,"Large"
"fb_982","m",91.41,85.91,3.416,2015-10-09,"0",0,"Large"
"fb_983","m",91.63,86.11,3.486,2015-10-10,"0",0,"Large"
"fb_984","m",91.66,86.13,3.486,2015-10-11,"0",0,"Large"
"fb_985","m",91.83,86.13,3.518,2015-10-12,"0",0,"Large"
"fb_986","m",91.97,86.22,3.522,2015-10-13,"0",0,"Large"
"fb_987","m",93.68,86.3,3.548,2015-10-14,"0",0,"Large"
"fb_988","m",93.97,86.31,3.628,2015-10-15,"0",0,"Large"
"fb_989","m",93.97,86.33,3.65,2015-10-16,"0",0,"Large"
"fb_990","m",94.01,86.45,3.68,2015-10-17,"0",0,"Large"
"fb_991","m",94.02,86.48,3.69,2015-10-08,"0",0,"Large"
"fb_992","m",94.03,86.62,3.716,2015-10-09,"0",0,"Large"
"fb_993","m",94.06,86.65,3.72,2015-10-10,"0",0,"Large"
"fb_994","m",94.07,87.07,3.72,2015-10-11,"0",0,"Large"
"fb_995","m",94.09,87.1,3.752,2015-10-12,"0",0,"Large"
"fb_996","m",94.1,87.19,3.78,2015-10-13,"0",0,"Large"
"fb_997","m",94.1,87.25,3.844,2015-10-14,"0",0,"Large"
"fb_998","m",94.12,87.32,3.884,2015-10-15,"0",0,"Large"
"fb_999","m",94.12,87.49,3.902,2015-10-16,"0",0,"Large"
"fb_1000","m",94.15,87.52,4,2015-10-17,"0",0,"Large"
"fb_1001","f",75.24,57.28,2.134,2015-11-07,"0",0,"Large"
"fb_1002","f",76.21,57.29,2.174,2015-11-08,"0",0,"Large"
"fb_1003","f",76.23,57.31,2.176,2015-11-09,"0",0,"Large"
"fb_1004","f",76.28,57.32,2.18,2015-11-10,"0",0,"Large"
"fb_1005","f",76.29,57.44,2.188,2015-11-11,"0",0,"Large"
"fb_1006","f",76.31,57.54,2.19,2015-11-12,"0",0,"Large"
"fb_1007","f",76.33,57.57,2.192,2015-11-13,"0",0,"Large"
"fb_1008","f",76.33,57.6,2.196,2015-11-14,"0",0,"Large"
"fb_1009","f",76.34,57.61,2.202,2015-11-15,"0",0,"Large"
"fb_1010","f",76.34,57.64,2.212,2015-11-16,"0",0,"Large"
"fb_1011","f",76.36,57.73,2.216,2015-11-07,"0",0,"Large"
"fb_1012","f",76.37,57.8,2.23,2015-11-08,"0",0,"Large"
"fb_1013","f",76.37,57.91,2.254,2015-11-09,"0",0,"Large"
"fb_1014","f",76.39,58.05,2.256,2015-11-10,"0",0,"Large"
"fb_1015","f",76.39,58.07,2.26,2015-11-11,"0",0,"Large"
"fb_1016","f",76.4,58.1,2.264,2015-11-12,"1",4,"Large"
"fb_1017","f",76.44,58.29,2.268,2015-11-13,"0",0,"Large"
"fb_1018","f",76.46,58.78,2.278,2015-11-14,"0",0,"Large"
"fb_1019","f",76.47,58.81,2.286,2015-11-15,"0",0,"Large"
"fb_1020","f",76.48,58.82,2.286,2015-11-16,"0",0,"Large"
"fb_1021","f",76.48,58.83,3.4,2015-11-07,"0",0,"Large"
"fb_1022","f",76.48,58.83,3.478,2015-11-08,"0",0,"Large"
"fb_1023","f",76.49,58.92,3.57,2015-11-09,"0",0,"Large"
"fb_1024","f",76.49,58.92,3.578,2015-11-10,"0",0,"Large"
"fb_1025","f",76.5,58.94,3.598,2015-11-11,"0",0,"Large"
"fb_1026","f",76.5,58.97,3.61,2015-11-12,"0",0,"Large"
"fb_1027","f",76.5,58.99,3.616,2015-11-13,"0",0,"Large"
"fb_1028","f",76.52,59,3.674,2015-11-14,"0",0,"Large"
"fb_1029","f",76.53,59,3.712,2015-11-15,"0",0,"Large"
"fb_1030","f",76.53,59.04,3.734,2015-11-16,"0",0,"Large"
"fb_1031","f",76.54,59.08,3.734,2015-11-07,"0",0,"Large"
"fb_1032","f",76.56,59.1,3.736,2015-11-08,"0",0,"Large"
"fb_1033","f",76.57,59.11,3.746,2015-11-09,"0",0,"Large"
"fb_1034","f",76.57,59.12,3.748,2015-11-10,"0",0,"Large"
"fb_1035","f",76.59,59.16,3.77,2015-11-11,"0",0,"Large"
"fb_1036","f",76.63,59.2,3.776,2015-11-12,"0",0,"Large"
"fb_1037","f",76.65,59.2,3.796,2015-11-13,"0",0,"Large"
"fb_1038","f",76.65,59.21,3.818,2015-11-14,"0",0,"Large"
"fb_1039","f",76.66,59.22,3.844,2015-11-15,"0",0,"Large"
"fb_1040","f",76.69,59.23,3.858,2015-11-16,"0",0,"Large"
"fb_1041","f",76.73,59.28,3.87,2015-11-07,"0",0,"Large"
"fb_1042","f",76.73,59.42,3.88,2015-11-08,"0",0,"Large"
"fb_1043","f",76.74,59.44,3.886,2015-11-09,"0",0,"Large"
"fb_1044","f",76.74,59.49,3.888,2015-11-10,"0",0,"Large"
"fb_1045","f",76.77,59.5,3.9,2015-11-11,"0",0,"Large"
"fb_1046","f",76.88,59.51,3.91,2015-11-12,"0",0,"Large"
"fb_1047","f",76.97,59.52,3.918,2015-11-13,"1",6,"Large"
"fb_1048","f",77.08,59.6,3.918,2015-11-14,"0",0,"Large"
"fb_1049","f",77.11,59.65,3.928,2015-11-15,"0",0,"Large"
"fb_1050","f",77.28,59.68,3.934,2015-11-16,"0",0,"Large"
"fb_1051","f",77.29,59.84,3.94,2015-11-07,"0",0,"Large"
"fb_1052","f",77.29,59.9,3.944,2015-11-08,"0",0,"Large"
"fb_1053","f",77.41,59.93,3.964,2015-11-09,"0",0,"Large"
"fb_1054","f",77.42,60.04,3.98,2015-11-10,"0",0,"Large"
"fb_1055","f",77.44,60.12,3.984,2015-11-11,"0",0,"Large"
"fb_1056","f",77.54,60.13,3.988,2015-11-12,"0",0,"Large"
"fb_1057","f",77.55,60.14,3.99,2015-11-13,"0",0,"Large"
"fb_1058","f",77.58,60.37,4.198,2015-11-14,"0",0,"Large"
"fb_1059","f",77.59,60.43,4.218,2015-11-15,"0",0,"Large"
"fb_1060","f",77.61,60.44,4.24,2015-11-16,"0",0,"Large"
"fb_1061","m",78.33,59.2,2.124,2015-11-07,"0",0,"Large"
"fb_1062","m",79.78,62.69,2.17,2015-11-08,"0",0,"Large"
"fb_1063","m",80.03,63.09,2.174,2015-11-09,"0",0,"Large"
"fb_1064","m",80.04,63.36,2.176,2015-11-10,"0",0,"Large"
"fb_1065","m",80.09,63.74,2.186,2015-11-11,"0",0,"Large"
"fb_1066","m",80.21,63.75,2.194,2015-11-12,"1",9,"Large"
"fb_1067","m",80.24,63.83,2.196,2015-11-13,"0",0,"Large"
"fb_1068","m",80.7,64.34,2.2,2015-11-14,"0",0,"Large"
"fb_1069","m",81.61,64.39,2.208,2015-11-15,"0",0,"Large"
"fb_1070","m",81.72,64.44,2.212,2015-11-16,"0",0,"Large"
"fb_1071","m",81.89,64.84,2.212,2015-11-07,"0",0,"Large"
"fb_1072","m",82.13,65.42,2.23,2015-11-08,"0",0,"Large"
"fb_1073","m",82.34,65.62,2.244,2015-11-09,"1",9,"Large"
"fb_1074","m",82.38,66.15,2.252,2015-11-10,"0",0,"Large"
"fb_1075","m",82.98,66.68,2.264,2015-11-11,"0",0,"Large"
"fb_1076","m",91.33,84.62,3.466,2015-11-12,"0",0,"Large"
"fb_1077","m",91.33,84.74,3.468,2015-11-13,"0",0,"Large"
"fb_1078","m",91.34,84.9,3.48,2015-11-14,"0",0,"Large"
"fb_1079","m",91.36,84.93,3.498,2015-11-15,"1",3,"Large"
"fb_1080","m",91.38,85.27,3.55,2015-11-16,"0",0,"Large"
"fb_1081","m",91.41,85.38,3.564,2015-11-07,"0",0,"Large"
"fb_1082","m",91.41,85.91,3.616,2015-11-08,"0",0,"Large"
"fb_1083","m",91.63,86.11,3.686,2015-11-09,"0",0,"Large"
"fb_1084","m",91.66,86.13,3.686,2015-11-10,"0",0,"Large"
"fb_1085","m",91.83,86.13,3.718,2015-11-11,"0",0,"Large"
"fb_1086","m",91.97,86.22,3.722,2015-11-12,"0",0,"Large"
"fb_1087","m",93.68,86.3,3.748,2015-11-13,"0",0,"Large"
"fb_1088","m",93.97,86.31,3.828,2015-11-14,"0",0,"Large"
"fb_1089","m",93.97,86.33,3.85,2015-11-15,"0",0,"Large"
"fb_1090","m",94.01,86.45,3.88,2015-11-16,"0",0,"Large"
"fb_1091","m",94.02,86.48,3.89,2015-11-07,"0",0,"Large"
"fb_1092","m",94.03,86.62,3.916,2015-11-08,"0",0,"Large"
"fb_1093","m",94.06,86.65,3.92,2015-11-09,"0",0,"Large"
"fb_1094","m",94.07,87.07,3.92,2015-11-10,"0",0,"Large"
"fb_1095","m",94.09,87.1,3.952,2015-11-11,"0",0,"Large"
"fb_1096","m",94.1,87.19,3.98,2015-11-12,"0",0,"Large"
"fb_1097","m",94.1,87.25,4.044,2015-11-13,"0",0,"Large"
"fb_1098","m",94.12,87.32,4.084,2015-11-14,"0",0,"Large"
"fb_1099","m",94.12,87.49,4.102,2015-11-15,"0",0,"Large"
"fb_1100","m",94.15,87.52,4.188,2015-11-16,"0",0,"Large"
"fb_1101","f",76.48,58.83,2.334,2015-12-07,"0",0,"Large"
"fb_1102","f",76.48,58.83,2.374,2015-12-08,"1",10,"Large"
"fb_1103","f",76.49,58.92,2.376,2015-12-09,"0",0,"Large"
"fb_1104","f",76.49,58.92,2.38,2015-12-10,"0",0,"Large"
"fb_1105","f",76.5,58.94,2.388,2015-12-11,"0",0,"Large"
"fb_1106","f",76.5,58.97,2.39,2015-12-12,"0",0,"Large"
"fb_1107","f",76.5,58.99,2.392,2015-12-13,"0",0,"Large"
"fb_1108","f",76.52,59,2.396,2015-12-14,"0",0,"Large"
"fb_1109","f",76.53,59,2.402,2015-12-15,"0",0,"Large"
"fb_1110","f",76.53,59.04,2.412,2015-12-16,"0",0,"Large"
"fb_1111","f",76.54,59.08,2.416,2015-12-07,"1",3,"Large"
"fb_1112","f",76.56,59.1,2.43,2015-12-08,"0",0,"Large"
"fb_1113","f",76.57,59.11,2.454,2015-12-09,"0",0,"Large"
"fb_1114","f",76.57,59.12,2.456,2015-12-10,"0",0,"Large"
"fb_1115","f",76.57,59.16,2.46,2015-12-11,"0",0,"Large"
"fb_1116","f",76.59,59.2,2.464,2015-12-12,"0",0,"Large"
"fb_1117","f",76.63,59.2,2.468,2015-12-13,"0",0,"Large"
"fb_1118","f",76.65,59.21,2.478,2015-12-14,"0",0,"Large"
"fb_1119","f",76.65,59.22,2.486,2015-12-15,"0",0,"Large"
"fb_1120","f",76.66,59.23,2.486,2015-12-16,"0",0,"Large"
"fb_1121","f",76.69,59.28,3.6,2015-12-07,"0",0,"Large"
"fb_1122","f",76.73,59.31,3.678,2015-12-08,"0",0,"Large"
"fb_1123","f",76.73,59.32,3.77,2015-12-09,"0",0,"Large"
"fb_1124","f",76.74,59.34,3.778,2015-12-10,"0",0,"Large"
"fb_1125","f",76.74,59.35,3.798,2015-12-11,"1",6,"Large"
"fb_1126","f",76.77,59.42,3.81,2015-12-12,"0",0,"Large"
"fb_1127","f",76.88,59.44,3.816,2015-12-13,"0",0,"Large"
"fb_1128","f",76.97,59.44,3.874,2015-12-14,"0",0,"Large"
"fb_1129","f",77.08,59.47,3.912,2015-12-15,"0",0,"Large"
"fb_1130","f",77.11,59.47,3.934,2015-12-16,"0",0,"Large"
"fb_1131","f",77.28,59.49,3.934,2015-12-07,"0",0,"Large"
"fb_1132","f",77.29,59.5,3.936,2015-12-08,"0",0,"Large"
"fb_1133","f",77.29,59.51,3.946,2015-12-09,"0",0,"Large"
"fb_1134","f",77.41,59.52,3.948,2015-12-10,"0",0,"Large"
"fb_1135","f",77.42,59.56,3.97,2015-12-11,"0",0,"Large"
"fb_1136","f",77.44,59.57,3.976,2015-12-12,"0",0,"Large"
"fb_1137","f",77.47,59.6,3.996,2015-12-13,"1",3,"Large"
"fb_1138","f",77.47,59.6,4.018,2015-12-14,"0",0,"Large"
"fb_1139","f",77.49,59.63,4.044,2015-12-15,"0",0,"Large"
"fb_1140","f",77.5,59.63,4.058,2015-12-16,"0",0,"Large"
"fb_1141","f",77.5,59.65,4.07,2015-12-07,"0",0,"Large"
"fb_1142","f",77.52,59.68,4.08,2015-12-08,"0",0,"Large"
"fb_1143","f",77.52,59.74,4.086,2015-12-09,"0",0,"Large"
"fb_1144","f",77.53,59.84,4.088,2015-12-10,"0",0,"Large"
"fb_1145","f",77.54,59.88,4.1,2015-12-11,"0",0,"Large"
"fb_1146","f",77.54,59.9,4.11,2015-12-12,"0",0,"Large"
"fb_1147","f",77.55,59.9,4.118,2015-12-13,"0",0,"Large"
"fb_1148","f",77.56,59.93,4.118,2015-12-14,"0",0,"Large"
"fb_1149","f",77.57,59.93,4.128,2015-12-15,"0",0,"Large"
"fb_1150","f",77.58,60.04,4.134,2015-12-16,"0",0,"Large"
"fb_1151","f",77.59,60.12,4.14,2015-12-07,"0",0,"Large"
"fb_1152","f",77.59,60.12,4.144,2015-12-08,"0",0,"Large"
"fb_1153","f",77.6,60.13,4.164,2015-12-09,"0",0,"Large"
"fb_1154","f",77.61,60.14,4.18,2015-12-10,"0",0,"Large"
"fb_1155","f",77.61,60.37,4.184,2015-12-11,"0",0,"Large"
"fb_1156","f",77.61,60.43,4.188,2015-12-12,"0",0,"Large"
"fb_1157","f",77.62,60.44,4.19,2015-12-13,"0",0,"Large"
"fb_1158","f",77.64,60.61,4.398,2015-12-14,"0",0,"Large"
"fb_1159","f",77.66,60.64,4.418,2015-12-15,"0",0,"Large"
"fb_1160","f",77.66,60.65,4.44,2015-12-16,"1",4,"Large"
"fb_1161","m",81.83,63.2,2.324,2015-12-07,"0",0,"Large"
"fb_1162","m",83.28,66.69,2.37,2015-12-08,"0",0,"Large"
"fb_1163","m",83.53,67.09,2.374,2015-12-09,"0",0,"Large"
"fb_1164","m",83.54,67.36,2.376,2015-12-10,"0",0,"Large"
"fb_1165","m",83.59,67.74,2.386,2015-12-11,"0",0,"Large"
"fb_1166","m",83.71,67.75,2.394,2015-12-12,"0",0,"Large"
"fb_1167","m",83.74,67.83,2.396,2015-12-13,"0",0,"Large"
"fb_1168","m",84.2,68.19,2.4,2015-12-14,"0",0,"Large"
"fb_1169","m",84.91,68.24,2.408,2015-12-15,"0",0,"Large"
"fb_1170","m",85.02,68.34,2.412,2015-12-16,"0",0,"Large"
"fb_1171","m",85.19,68.64,2.412,2015-12-07,"0",0,"Large"
"fb_1172","m",85.43,69.22,2.43,2015-12-08,"0",0,"Large"
"fb_1173","m",85.64,69.42,2.444,2015-12-09,"0",0,"Large"
"fb_1174","m",85.68,69.95,2.452,2015-12-10,"0",0,"Large"
"fb_1175","m",86.28,70.48,2.464,2015-12-11,"0",0,"Large"
"fb_1176","m",91.33,84.62,3.666,2015-12-12,"0",0,"Large"
"fb_1177","m",91.33,84.74,3.668,2015-12-13,"0",0,"Large"
"fb_1178","m",91.34,84.9,3.68,2015-12-14,"0",0,"Large"
"fb_1179","m",91.36,84.93,3.698,2015-12-15,"0",0,"Large"
"fb_1180","m",91.38,85.27,3.75,2015-12-16,"0",0,"Large"
"fb_1181","m",91.41,85.38,3.764,2015-12-07,"0",0,"Large"
"fb_1182","m",91.41,85.91,3.816,2015-12-08,"0",0,"Large"
"fb_1183","m",91.63,86.11,3.886,2015-12-09,"0",0,"Large"
"fb_1184","m",91.66,86.13,3.886,2015-12-10,"0",0,"Large"
"fb_1185","m",91.83,86.13,3.918,2015-12-11,"0",0,"Large"
"fb_1186","m",91.97,86.22,3.922,2015-12-12,"0",0,"Large"
"fb_1187","m",93.68,86.3,3.948,2015-12-13,"0",0,"Large"
"fb_1188","m",93.97,86.31,4.028,2015-12-14,"0",0,"Large"
"fb_1189","m",93.97,86.33,4.05,2015-12-15,"0",0,"Large"
"fb_1190","m",94.01,86.45,4.08,2015-12-16,"0",0,"Large"
"fb_1191","m",94.02,86.48,4.09,2015-12-07,"0",0,"Large"
"fb_1192","m",94.03,86.62,4.116,2015-12-08,"0",0,"Large"
"fb_1193","m",94.06,86.65,4.12,2015-12-09,"0",0,"Large"
"fb_1194","m",94.07,87.07,4.12,2015-12-10,"0",0,"Large"
"fb_1195","m",94.09,87.1,4.152,2015-12-11,"0",0,"Large"
"fb_1196","m",94.1,87.19,4.18,2015-12-12,"0",0,"Large"
"fb_1197","m",94.1,87.25,4.244,2015-12-13,"0",0,"Large"
"fb_1198","m",94.12,87.32,4.284,2015-12-14,"0",0,"Large"
"fb_1199","m",94.12,87.49,4.302,2015-12-15,"0",0,"Large"
"fb_1200","m",94.15,87.52,4.388,2015-12-16,"0",0,"Large"
